教育原理,R06前,1,問１ 次のうち、「教育基本法」の一部として、正しいものを○、誤ったものを×とした場合の正し い組み合わせを一つ選びなさい。 Ａ 学問の自由は、これを保障する。 Ｂ 教育は、人格の完成を目指し、平和で民主的な国家及び社会の形成者として必要な資質を備えた 心身ともに健康な国民の育成を期して行われなければならない。 Ｃ 学校を設置しようとする者は、学校の種類に応じ、文部科学大臣の定める設備、編制その他に関 する設置基準に従い、これを設置しなければならない。 （組み合わせ） Ａ Ｂ Ｃ,4,○ ○ ×,○ × ×,× ○ ○,× ○ ×,× × ○,,,1,,,,,10001
教育原理,R06前,2,問２ 次の文は、「児童憲章」の一部である。（ Ａ ）・（ Ｂ ）にあてはまる語句の正しい組み合 わせを一つ選びなさい。 すべての児童は、家庭で、正しい（ Ａ ）と知識と技術をもつて育てられ、家庭に恵まれない児 童には、これにかわる（ Ｂ ）が与えられる。 （組み合わせ） Ａ Ｂ,5,愛着形成 環境,愛着形成 支援の場,かかわり 環境,愛情 支援の場,愛情 環境,,,1,,,,,10002
教育原理,R06前,3,問３ 次の図は、「諸外国の教育統計 令和３（2021）年版」（文部科学省）からある国の学校系統図 を示したものである。正しい国名を一つ選びなさい。 [イラスト挿入],4,オーストラリア,フィンランド,フランス,イギリス,アメリカ,イラストあり,,1,,,,,10003
教育原理,R06前,4,"[著作権の関係により公表不可] 問４ 次の文は、モンテッソーリ（Montessori M.）が著した『幼児の秘密』の一部である。（ ） に入る人名を一つ選びなさい。",1,フレーベル,ルソー,ペスタロッチ,アリエス,デューイ,,,1,,,,,10004
教育原理,R06前,5,"問５ 次の記述に該当する人物として、正しいものを一つ選びなさい。 日本において最も早く体系的ともいえる教育論をまとめた儒学者である。ロック（Locke  J.）とほ ぼ同時代の人であり、ともに医学を修め、しかも自分自身健康に恵まれなかったことに共通したもの があるため、「日本のロック」と称されることもある。 子育ての書として晩年にまとめた著作では、６歳から20歳に至るまでの成長過程に即して、教育 方法と学習教材とが「随年教法」として提示されている。彼は、「小児の教は早くすべし」と、早い 時期からの善行の習慣形成の必要性を主張した。",2,荻生 徂徠,貝原 益軒,佐藤 信淵,伊藤 仁斎,太田 道灌,,,1,,,,,10005
教育原理,R06前,6,問６ 次の【Ⅰ群】の人名と、【Ⅱ群】の語句を結びつけた場合の正しい組み合わせを一つ選びなさい。 【Ⅰ群】 Ａ 世阿弥 Ｂ 北条 実時 Ｃ 広瀬 淡窓 【Ⅱ群】 ア 咸宜園 イ 翁問答 ウ 金沢文庫 エ 風姿花伝 （組み合わせ） Ａ Ｂ Ｃ,5,(A) ア (B) ウ (C) イ,(A) イ (B) ア (C) エ,(A) ウ (B) イ © エ,(A) エ (B) ア © イ,(A) エ (B) ウ (C) ア,,,1,,,,,10006
教育原理,R06前,7,[著作権の関係により公表不可] 問７ 次の文の著者として、正しいものを一つ選びなさい。,4,澤柳 政太郎,羽仁 もと子,城戸 幡太郎,倉橋 惣三,小原 國芳,,,1,,,,,10007
教育原理,R06前,8,問８ 次の記述に該当する語句として、正しいものを一つ選びなさい。 学ぶ内容をそれぞれの分野に分けて系統的に教えるような編成をしたカリキュラム。すべての分野 において身に付けさせたいとおとなが考えていることがバランスよく配置でき、かつその習得状況の 把握が容易である。また、系統的に教えることができるため、既習事項の把握を行いながら、学習者 にとっても効率的に多くのことを学ぶことができる。一方で、子どもの興味関心とのずれが生じやす いこと、教えられる内容の間で関連性がみえにくいことがある。,3,経験カリキュラム,潜在的カリキュラム,教科カリキュラム,合科カリキュラム,統合カリキュラム,,,1,,,,,10008
教育原理,R06前,9,問９ 次の文は、「保育所保育指針」第１章「総則」４「幼児教育を行う施設として共有すべき事項」 （２）「幼児期の終わりまでに育ってほしい姿」の一部である。（ Ａ ）〜（ Ｃ ）にあてはま る語句を【語群】から選択した場合の正しい組み合わせを一つ選びなさい。 家族を大切にしようとする気持ちをもつとともに、（ Ａ ）の身近な人と触れ合う中で、人との 様々な関わり方に気付き、相手の気持ちを考えて関わり、自分が役に立つ喜びを感じ、（ Ａ ）に 親しみをもつようになる。また、保育所内外の様々な（ Ｂ ）に関わる中で、遊びや生活に必要な （ Ｃ ）を取り入れ、（ Ｃ ）に基づき判断したり、（ Ｃ ）を伝え合ったり、活用したりする など、（ Ｃ ）を役立てながら活動するようになるとともに、公共の施設を大切に利用するなどし て、社会とのつながりなどを意識するようになる。 【語群】 ア 地域 イ 郷土 ウ 情報 エ 環境 オ 知識 （組み合わせ） Ａ Ｂ Ｃ,2,ア ウ オ,ア エ ウ,ア エ オ,イ ウ オ,イ エ ウ,,,1,,,,,10009
教育原理,R06前,10,問10 次の文は、「学びや生活の基盤をつくる幼児教育と小学校教育の接続について〜幼保小の協働 による架け橋期の教育の充実〜」（令和５年２月 中央教育審議会 初等中等教育分科会 幼児教 育と小学校教育の架け橋特別委員会）の一部である。（ Ａ ）・（ Ｂ ）にあてはまる語句の正 しい組み合わせを一つ選びなさい。 幼児教育と小学校教育の教育課程の構成原理等の違いは、子供の発達の段階に応じた教育を行うた めに必要な違いではあるが、子供一人一人の発達や学びは幼児期と児童期ではっきりと分かれるもの ではなく、（ Ａ ）ため、必ずしも合致しない場合があるためである。また、合致しない場合に、 小学校入学当初の子供が、小学校での学習や生活に関する自らの不安や不満を自覚し大人に伝えるこ とは難しいと考えられ、一人で戸惑いや悩みを抱えこむことにより、その後の小学校での学習や生活 に支障をきたすおそれがある。子供にとっては、初めての進学であり、この時期につまずいてしまう ことは、その後の学校生活や成長に大きな負の影響を与えかねない。そして、ひいては（ Ｂ ）の 要因にもなりかねず、低学年の（ Ｂ ）の子供への支援の観点からも、幼児教育と小学校教育の円 滑な接続が重要であることが指摘されているところである。 （組み合わせ） Ａ Ｂ,5,重なりがある 不登校,重なりがある 学力不足,つながっている 学習意欲不足,つながっている 学力不足,つながっている 不登校,,,1,,,,,10010
子どもの食と栄養,R06前,1,問１ 次の文は、炭水化物に関する記述である。（ Ａ ）〜（ Ｄ ）にあてはまる語句の正しい 組み合わせを一つ選びなさい。 炭水化物には、ヒトの消化酵素で消化されやすい（ Ａ ）と消化されにくい（ Ｂ ）がある。 （ Ａ ）は、１gあたり（ Ｃ ）kcalのエネルギーを供給し、一部は、肝臓や筋肉でエネルギー 貯蔵体である（ Ｄ ）となって体内に蓄えられる。 （組み合わせ） Ａ Ｂ Ｃ Ｄ,1,糖質 食物繊維 ４ グリコーゲン,糖質 食物繊維 ７ グリコーゲン,糖質 食物繊維 ９ ガラクトース,食物繊維 糖質 ４ グリコーゲン,食物繊維 糖質 ７ ガラクトース,,,1,,,,,10011
子どもの食と栄養,R06前,2,問２ 次のうち、ビタミンの主な働きに関する記述として、適切なものの組み合わせを一つ選びなさい。 Ａ ビタミンＣは、糖質代謝に関与する。 Ｂ ビタミンＢ は、鉄の吸収を促進する。 1 Ｃ ビタミンＫは、血液の凝固に関与する。 Ｄ ビタミンＤは、カルシウムの吸収を促進する。 （組み合わせ）,5,Ａ Ｂ,Ａ Ｃ,Ａ Ｄ,Ｂ Ｃ,Ｃ Ｄ,,,1,,,,,10012
子どもの食と栄養,R06前,3,問３ 次の【Ⅰ群】の「日本人の食事摂取基準（2020年版）」における栄養素の指標と【Ⅱ群】のそ の目的を結びつけた場合の正しい組み合わせを一つ選びなさい。 【Ⅰ群】 Ａ 推定平均必要量、推奨量 Ｂ 目標量 Ｃ 耐容上限量 【Ⅱ群】 ア 生活習慣病の発症予防 イ 過剰摂取による健康障害の回避 ウ 摂取不足の回避 （組み合わせ） Ａ Ｂ Ｃ,4,ア イ ウ,ア ウ イ,イ ア ウ,ウ ア イ,ウ イ ア,,,1,,,,,10013
子どもの食と栄養,R06前,4,問４ 次のうち、「食品表示法」において、容器包装に入れられた加工食品及び添加物に表示が義務 づけられていないものを一つ選びなさい。,1,カルシウム,たんぱく質,熱量,ナトリウム（食塩相当量で表示）,脂質,,,1,,,,,10014
子どもの食と栄養,R06前,5,問５ 次のうち、調乳方法に関する記述として、適切なものを○、不適切なものを×とした場合の正 しい組み合わせを一つ選びなさい。 Ａ 調乳の際に使用する湯は、沸騰させた後30分以上放置しない。 Ｂ 調製粉乳の調整用として推奨された水の場合でも、沸騰させて使用する。 Ｃ 調乳の際には、一度沸騰させた後50℃以上に保った湯を使用する。 Ｄ 常温で保存していた場合、調乳後２時間以内に使用しなかったミルクは廃棄する。 （組み合わせ） Ａ Ｂ Ｃ Ｄ,2,○ ○ ○ ×,○ ○ × ○,× ○ ○ ○,× × ○ ×,× × × ○,,,1,,,,,10015
子どもの食と栄養,R06前,6,問６ 次のうち、母乳に関する記述として、適切なものを○、不適切なものを×とした場合の正しい 組み合わせを一つ選びなさい。 Ａ 分(cid:7791)後、最初に分泌される母乳を初乳といい、その後、移行乳を経て成乳となる。 Ｂ 初乳は成乳に比べ、たんぱく質、ミネラルが少なく、乳糖は多い。 Ｃ 母乳分泌時にはプロラクチンが分泌され、排卵が促進される。 Ｄ 母乳栄養児は人工栄養児に比べ、乳幼児突然死症候群（SIDS）の発症率が低いとされている。 （組み合わせ） Ａ Ｂ Ｃ Ｄ,3,○ ○ ○ ×,○ ○ × ○,○ × × ○,× ○ ○ ×,× × ○ ○,,,1,,,,,10016
子どもの食と栄養,R06前,7,問７ 次の文は、「授乳・離乳の支援ガイド」（2019年改定版 厚生労働省）の離乳の支援の一部で ある。（ Ａ ）〜（ Ｄ ）にあてはまる語句の正しい組み合わせを一つ選びなさい。 離乳の開始とは、（ Ａ ）の食物を初めて与えた時をいう。開始時期の子どもの発達状況の目安 としては、（ Ｂ ）のすわりがしっかりして寝返りができ、５秒以上座れる、スプーンなどを口に 入れても（ Ｃ ）ことが少なくなる（哺乳反射の減弱）、食べ物に興味を示すなどがあげられる。 その時期は生後（ Ｄ ）頃が適当である。ただし、子どもの発育及び発達には個人差があるので、 月齢はあくまでも目安であり、子どもの様子をよく観察しながら、親が子どもの「食べたがっている サイン」に気がつくように進められる支援が重要である。 （組み合わせ） Ａ Ｂ Ｃ Ｄ,4,舌でつぶせる状態 腰 舌で押し出す ３〜４か月,舌でつぶせる状態 腰 舌で押し出す ５〜６か月,歯ぐきでつぶせる状態 首 噛む ３〜４か月,なめらかにすりつぶした状態 首 舌で押し出す ５〜６か月,なめらかにすりつぶした状態 首 噛む ３〜４か月,,,1,,,,,10017
子どもの食と栄養,R06前,8,問８ 次のうち、幼児の食生活に関する記述として、適切なものを○、不適切なものを×とした場合 の正しい組み合わせを一つ選びなさい。 Ａ ほとんどの子どもは３歳頃になるまでにすべての乳歯が生え(cid:7975)う。 Ｂ スプーンやフォークの握り方は、手のひら握り、鉛筆握り、指握りへと発達していく。 Ｃ 唾液中には、でんぷん分解酵素のプチアリンが含まれる。 Ｄ 「楽しく食べる子どもに〜食からはじまる健やかガイド〜」（平成16年 厚生労働省）における 「発育・発達過程に応じて育てたい“食べる力”」の一つとして、幼児期では「家族や仲間と一緒に 食べる楽しさを味わう」をあげている。 （組み合わせ） Ａ Ｂ Ｃ Ｄ,2,○ ○ × ×,○ × ○ ○,○ × × ○,× ○ ○ ×,× × ○ ×,,,1,,,,,10018
子どもの食と栄養,R06前,9,問９ 次のうち、「学校給食法」に示された「学校給食の目標」として、正しいものを○、誤ったも のを×とした場合の正しい組み合わせを一つ選びなさい。 Ａ 日本の食料自給率を向上させること。 Ｂ 適切な栄養の摂取による体力の向上を図ること。 Ｃ 食生活が自然の恩恵の上に成り立つものであることについての理解を深め、生命及び自然を尊重 する精神並びに環境の保全に寄与する態度を養うこと。 Ｄ 食料の生産、流通及び消費について、正しい理解に導くこと。 （組み合わせ） Ａ Ｂ Ｃ Ｄ,5,○ ○ × ○,○ × × ×,× ○ ○ ×,× ○ × ○,× × ○ ○,イラストあり,,1,,,,,10019
子どもの食と栄養,R06前,10,問10 次のうち、学童期・思春期の肥満とやせに関する記述として、適切なものの組み合わせを一 つ選びなさい。 Ａ 「令和３年度学校保健統計調査」（文部科学省）における小学校の肥満傾向児の割合は、男女とも に２％未満である。 Ｂ 神経性やせ症（神経性食欲不振症）の思春期女子の発症頻度は、思春期男子と差がない。 Ｃ 小児期のメタボリックシンドロームの診断基準における腹囲の基準は、男女とも同じである。 Ｄ 学童期・思春期の体格の判定は、性別・年齢別・身長別の標準体重に対しての肥満度を算出し、 肥満度が20％以上の場合を肥満傾向児とする。 （組み合わせ）,5,Ａ Ｂ,Ａ Ｃ,Ａ Ｄ,Ｂ Ｃ,Ｃ Ｄ,,,1,,,,,10020
子どもの食と栄養,R06前,11,問11 次のうち、妊娠期の栄養と食生活に関する記述として、適切なものを○、不適切なものを× とした場合の正しい組み合わせを一つ選びなさい。 Ａ 「日本人の食事摂取基準（2020年版）」（厚生労働省）において、妊婦にカルシウムの付加量は設 定されていない。 Ｂ 「妊産婦のための食事バランスガイド」（令和３年 厚生労働省）において、妊娠中期の１日分付 加量は、主食、副菜、主菜、牛乳・乳製品、果物の５つの区分すべてにおいて、＋１（SV：サー ビング）である。 Ｃ 妊娠期間中の推奨体重増加量は、妊娠前の体格別に設定されている。 Ｄ 妊娠中は胎児のために安静にし、ウォーキングなどの運動はしないようにする。 （組み合わせ） Ａ Ｂ Ｃ Ｄ,3,○ ○ ○ ×,○ ○ × ○,○ × ○ ×,× ○ × ○,× × ○ ○,,,1,,,,,10021
子どもの食と栄養,R06前,12,問12 次の文は、「食育基本法」の前文の一部である。（ Ａ ）・（ Ｂ ）にあてはまる語句を 【語群】から選択した場合の正しい組み合わせを一つ選びなさい。 子どもたちに対する食育は、心身の成長及び人格の形成に大きな影響を及ぼし、生涯にわたって （ Ａ ）を培い（ Ｂ ）をはぐくんでいく基礎となるものである。 【語群】 ア 生きる力 イ 健全な心と身体 ウ 適切な判断力 エ 豊かな人間性 オ 「食」を選択する力 （組み合わせ） Ａ Ｂ,3,ア ウ,ア エ,イ エ,イ オ,ウ オ,,,1,,,,,10022
子どもの食と栄養,R06前,13,問13 次のうち、「第４次食育推進基本計画」（令和３年 農林水産省）の３つの重点事項として、適 切なものの組み合わせを一つ選びなさい。 Ａ 持続可能な食を支える食育の推進 Ｂ 家庭における共食を通じた子どもへの食育の推進 Ｃ 「新たな日常」やデジタル化に対応した食育の推進 Ｄ 若い世代を中心とした食育の推進 Ｅ 生涯を通じた心身の健康を支える食育の推進 （組み合わせ）,3,Ａ Ｂ Ｃ,Ａ Ｃ Ｄ,Ａ Ｃ Ｅ,Ｂ Ｃ Ｄ,Ｂ Ｄ Ｅ,,,1,,,,,10023
子どもの食と栄養,R06前,14,問14 次のうち、「保育所保育指針」第３章「健康及び安全」２「食育の推進」の一部として、正し いものを○、誤ったものを×とした場合の正しい組み合わせを一つ選びなさい。 Ａ 子どもと調理員等との関わりや、調理室など食に関わる保育環境に配慮すること。 Ｂ 栄養士が配置されている場合は、専門性を生かした対応を図ること。 Ｃ 食事の提供を含む食育計画を全体的な計画に基づいて作成し、その評価及び改善に努めること。 Ｄ 保育所における食育は、健康な生活の基本としての「生きる力」の育成に向け、その基礎を培う ことを目標とすること。 （組み合わせ） Ａ Ｂ Ｃ Ｄ,1,○ ○ ○ ×,○ ○ × ○,○ × ○ ○,× ○ ○ ×,× × × ○,イラストあり,,1,,,,,10024
子どもの食と栄養,R06前,15,問15 次のうち、大豆からできる食べ物として、不適切なものを一つ選びなさい。,2,しょうゆ,豆苗,きな粉,油揚げ,豆乳,,,1,,,,,10025
子どもの食と栄養,R06前,16,問16 次のうち、「家庭でできる食中毒予防の６つのポイント」（厚生労働省）に関する記述として、 不適切な記述を一つ選びなさい。 ,5,表示のある食品は、消費期限などを確認し、購入する。,食中毒予防の三原則は、食中毒菌を「付けない、増やさない、やっつける（殺す）」である。,購入した肉・魚は、水分のもれがないように、ビニール袋などにそれぞれ分けて包み、持ち帰る。,残った食品は、早く冷えるように浅い容器に小分けして保存する。,冷蔵庫は、15℃以下に維持することが目安である。,,,1,,,,,10026
子どもの食と栄養,R06前,17,問17 次のうち、「食品による子どもの窒息・誤嚥事故に注意！」（令和３年１月 消費者庁）の窒息・誤嚥事故防止に関する記述として、適切なものを○、不適切なものを×とした場合の正しい組 み合わせを一つ選びなさい。 Ａ 硬い豆やナッツ類を乳幼児に与える場合は、小さく砕いて与える。 Ｂ 食べているときは、姿勢をよくし、食べることに集中させる。 Ｃ 節分の豆まきは個包装されたものを使用するなど工夫して行い、子どもが拾って口に入れないよ うに、後片付けを徹底する。 Ｄ ミニトマトやブドウ等の球状の食品を乳幼児に与える場合は、４等分する、調理して軟らかくす るなどして、よく噛んで食べさせる。 （組み合わせ） Ａ Ｂ Ｃ Ｄ,3,○ ○ ○ ○,○ × ○ ×,× ○ ○ ○,× ○ × ○,× × × ×,,,1,,,,,10027
子どもの食と栄養,R06前,18,問18 次のうち、食品ロス及び食料自給率に関する記述として、適切なものを○、不適切なものを ×とした場合の正しい組み合わせを一つ選びなさい。 Ａ 「食品ロス」とは、本来食べられるのに捨てられてしまう食品のことをいう。 Ｂ 食品ロスを減らすための例として、陳列されている商品を奥からとらずに、賞味期限が切れるの が早い順番に買うことがあげられる。 Ｃ 「令和３年度食料需給表」（農林水産省）による、日本の供給熱量ベースの総合食料自給率は約 60％である。 Ｄ 令和２年度の食品ロス量推計値（農林水産省）では、家庭系食品ロス量（各家庭から発生する食 品ロス）の方が、事業系食品ロス量（事業活動を伴って発生する食品ロス）よりも多い。 （組み合わせ） Ａ Ｂ Ｃ Ｄ,2,○ ○ ○ ×,○ ○ × ×,○ × × ○,× ○ × ×,× × ○ ○,,,1,,,,,10028
子どもの食と栄養,R06前,19,問19 次のうち、乳児ボツリヌス症の原因となる食品として、１歳を過ぎるまで与えてはいけない 食品を一つ選びなさい。,4,卵,レバー,バター,はちみつ,白身魚,,,1,,,,,10029
子どもの食と栄養,R06前,20,問20 次のうち、食物アレルギーに関する記述として、適切なものの組み合わせを一つ選びなさい。 Ａ 「食品表示法」により容器包装された加工食品において、アレルギー表示が義務づけられている 原材料は、卵、乳、小麦、大豆の４品目である。 Ｂ 卵アレルギーの場合、基本的に鶏肉は除去する必要はない。 Ｃ 食物アレルギーであっても、離乳食の開始や進行を遅らせる必要はない。 Ｄ アレルギーを起こす原因物質をアナフィラキシーという。 （組み合わせ）,4,Ａ Ｂ,Ａ Ｃ,Ａ Ｄ,Ｂ Ｃ,Ｃ Ｄ,,,1,,,,,10030
子どもの保健,R06前,1,問１ 次の文は、「保育所保育指針」第１章「総則」（２）「保育の目標」の一部である。（ Ａ ）〜 （ Ｄ ）にあてはまる語句の正しい組み合わせを一つ選びなさい。 （ Ａ ）、（ Ｂ ）など生活に必要な基本的な（ Ｃ ）や（ Ｄ ）を養い、心身の（ Ａ ） の基礎を培うこと。 （組み合わせ） Ａ Ｂ Ｃ Ｄ,4,活気 安全 習慣 態度,活気 安心 行動様式 姿勢,健康 安心 行動様式 姿勢,健康 安全 習慣 態度,健康 安全 習慣 姿勢,,,1,,,,,10031
子どもの保健,R06前,2,問２ 次のうち、日本におけるこれまでと現在の母子保健に関する記述として、適切なものを一つ選びなさい。 1937（昭和12）年施行の「保健所法」である。,3,母子保健は、妊娠・出産・育児という一連の時期にある母親のみを対象としている。,現在行われている母子保健に関する様々なサービスや活動にかかわる法的根拠は、,母子保健施策の成果の一つとして、乳児死亡率の著しい減少があげられる。,現在の「母子保健法」には児童虐待防止に関する条文はない。,妊産婦登録制度の発端となった法律は、「児童福祉法」である。,,,1,,,,,10032
子どもの保健,R06前,3,問３ 次のうち、児童虐待の発生予防・防止をねらいの一つとした制度等として、最もあてはまらないものを一つ選びなさい。,4,産後ケア事業,乳児家庭全戸訪問事業,要保護児童対策地域協議会,新生児スクリーニング検査,地域子育て支援拠点事業,,,1,,,,,10033
子どもの保健,R06前,4,問４ 次のうち、身体的発育に関する記述として、適切なものを○、不適切なものを×とした場合の 正しい組み合わせを一つ選びなさい。 Ａ 脳細胞の役割に情報伝達があるが、軸索の髄(cid:7708)化により脳細胞が成熟し、情報を正確に伝えるよ うになっても伝達の速さは変わらない。 Ｂ 運動機能の発達には個人差があるが、一定の方向性と順序性をもって進む。 Ｃ 発育をうながすホルモンには、成長ホルモンのほか、甲状腺ホルモン、副腎皮質ホルモンなどが ある。 Ｄ 原始反射は、通常の子どもでは成長とともにほとんどみられなくなる。 Ｅ 出生時、頭蓋骨の縫合は完全ではなく、前方の骨の間を大泉門という。 （組み合わせ） Ａ Ｂ Ｃ Ｄ Ｅ,3,○ × ○ × ×,○ × × ○ ×,× ○ × ○ ○,× ○ × × ○,× × ○ × ○,,,1,,,,,10034
子どもの保健,R06前,5,問５ 次の【Ⅰ群】の脳の構造と【Ⅱ群】の機能を結びつけた場合の正しい組み合わせを一つ選びな さい。 【Ⅰ群】 Ａ 前頭葉 Ｂ 側頭葉 Ｃ 延髄 Ｄ 小脳 【Ⅱ群】 ア 運動に関連する領域と精神に関連する領域に大別される。 イ 呼吸や循環などの生命維持に直接関与する部分である。 ウ 聴覚や嗅覚などの中枢、記憶の中枢、感覚性言語中枢を含んでいる。 エ 身体の姿勢や運動の制御、眼球運動に関係している。 （組み合わせ） Ａ Ｂ Ｃ Ｄ,1,ア ウ イ エ,ア ウ エ イ,イ ア ウ エ,ウ ア イ エ,ウ ア エ イ,,,1,,,,,10035
子どもの保健,R06前,6,問６ 次のうち、乳幼児の排尿・排便の自立に関する記述として、適切なものを○、不適切なものを ×とした場合の正しい組み合わせを一つ選びなさい。 Ａ 新生児期の膀胱は未熟であり、１回の排尿量は少なく、排尿回数は１日５回程度である。 Ｂ 尿がたまった感覚がある程度わかるようになるのは３歳頃である。 Ｃ 生後６か月未満では、多くに１日２回以上の排便がある。 Ｄ ４歳以上では、ほとんどが便意を伴うようになり、排便が自立する。 （組み合わせ） Ａ Ｂ Ｃ Ｄ,5,○ ○ × ×,○ × ○ ×,○ × × ○,× ○ × ×,× × ○ ○,,,1,,,,,10036
子どもの保健,R06前,7,問７ 次のうち、乳幼児の健康診査に関する記述として、適切なものを一つ選びなさい。,3,乳幼児健康診査は、全て法律に基づき市区町村において定期健康診査として実施されている。,「令和３年度地域保健・健康増進事業報告の概況」（令和５年３月 厚生労働省）によると、日本,乳幼児健康診査は疾病の異常や早期発見のために重要であり、必要に応じて、子育て支援対策が,保育所では、入所時健康診断及び少なくとも１年に２回の定期健康診断を行うことと、「母子保,保育所における定期健康診断や入所時健康診断は、定型的な業務なので実施後の評価は行わない。,,,1,,,,,10037
子どもの保健,R06前,8,問８ 次のうち、「保育所における感染症対策ガイドライン（2018年改訂版）（2022（令和４）年10 月一部改訂）」（厚生労働省）の別添１「具体的な感染症と主な対策（特に注意すべき感染症）」に あげられている「RSウイルス感染症」に関する記述として、適切なものの組み合わせを一つ選び なさい。 Ａ 生後６か月未満の乳児では重症な呼吸器症状を生じ、入院管理が必要となる場合も少なくない。 Ｂ 一度かかれば十分な免疫が得られるため、何度も罹患する可能性は低い。 Ｃ 大人がかかると重症化することが多い。 Ｄ 流行期には、０歳児と１歳児以上のクラスは互いに接触しないよう離しておき、互いの交流を制 限する。 （組み合わせ）,3,Ａ Ｂ,Ａ Ｃ,Ａ Ｄ,Ｂ Ｃ,Ｂ Ｄ,,,1,,,,,10038
子どもの保健,R06前,9,問９ 次のうち、感染症に関する記述として、不適切なものを一つ選びなさい。 ,3,水痘は、水痘・帯状疱疹ウイルスによっておこり、紅斑、水疱、膿疱、痂皮などいろいろな段階,インフルエンザは主に冬に流行し、肺炎、気管支炎、脳症などを合併することがある。,咽頭結膜熱は、エコー・ウイルスによっておこり、プールの水を介して感染することが多い。,手足口病は、コクサッキー・ウイルスA16型、A10型、A6型やエンテロウイルス71型等に,伝染性紅斑（りんご病）は、ヒトパルボウイルスB19によっておこり、風邪症状に引き続いて,,,1,,,,,10039
子どもの保健,R06前,10,問10 次のうち、学校において予防すべき感染症に関する記述として、適切なものを○、不適切な ものを×とした場合の正しい組み合わせを一つ選びなさい。 Ａ 各感染症の出席停止の期間は、感染様式と疾患の特性を考慮して、人から人への感染力の程度を 考えて算出している。 Ｂ 他人に容易に感染させる状態の期間は、集団の場を避け、感染症の拡大を防ぐ必要がある。 Ｃ 健康が回復するまで治療や休養の時間を確保することが必要である。 Ｄ 学校において予防すべき感染症は、「学校保健安全法施行規則」で定められている。 （組み合わせ） Ａ Ｂ Ｃ Ｄ,1,○ ○ ○ ○,○ ○ ○ ×,○ × × ○,× ○ ○ ×,× × ○ ○,,,1,,,,,10040
子どもの保健,R06前,11,問11 次のうち、保育所における防災に関する記述として、適切なものを○、不適切なものを×と した場合の正しい組み合わせを一つ選びなさい。 Ａ 万が一に備え、保育所内では最低３日分の必需品を備蓄しておくとよい。 Ｂ 保育所では、避難及び消火に対する訓練は少なくとも毎月１回実施すること、消火器などの消防 用設備の定期点検が義務づけられている。 Ｃ 火災防止のため、カーテンには防炎加工が必要である。 Ｄ 災害時は保護者に確実に情報が伝わるよう連絡手段は一つに決めて保護者に知らせておくとよい。 Ｅ 園児を移動させる手押し車は、緊急時には使用を控えたほうがよいとされている。 （組み合わせ） Ａ Ｂ Ｃ Ｄ Ｅ,2,○ ○ ○ ○ ○,○ ○ ○ × ×,○ ○ × × ○,○ × × ○ ○,× × ○ ○ ○,,,1,,,,,10041
子どもの保健,R06前,12,問12 次のうち、保育所等における防災・防犯訓練に関する記述として、適切なものを一つ選びな さい。,3,事前に訓練について指導すると、防災訓練にならないため、事前指導は行わない。,防災訓練は、保護者のお迎えを考え、毎回同じ曜日や時間帯に設定する。,年間を通して指導計画の中に位置づけ、実践的な訓練を計画する。,防災訓練は保護者の負担にならないように保護者の参加を計画の中に入れず、保育者だけで行う。,不審者が侵入した場合の防犯訓練は、子ども達に恐怖を与えるため行わない。,,,1,,,,,10042
子どもの保健,R06前,13,問13 次のうち、小児のけいれんに関する記述として、適切なものの組み合わせを一つ選びなさい。 Ａ けいれんは様々な原因で起こり、ときには脳炎などの重大な病気による場合がある。 Ｂ けいれんが起こった時はいかなる場合でも適切に対処しなければならないので、けいれんがおさ まった場合でも、医師の診察を受ける必要がある。 Ｃ 小児がけいれんを起こした時、緊急の処置として、スプーンなどを噛ませ、歯で舌などを傷つけ ないようにしなければならない。 Ｄ 発熱を伴うけいれんは熱性けいれんであり、解熱剤を飲ませて様子をみれば短時間で消失する。 Ｅ けいれんを起こした時は、強い刺激を与えないように注意して、意識の状態を確かめる必要がある。 （組み合わせ）,2,Ａ Ｂ Ｃ,Ａ Ｂ Ｅ,Ｂ Ｃ Ｄ,Ｂ Ｄ Ｅ,Ｃ Ｄ Ｅ,,,1,,,,,10043
子どもの保健,R06前,14,問14 次のうち、体調不良や事故等に関する記述として、適切なものの組み合わせを一つ選びなさい。 Ａ 子どもの感電事故があった場合、電源の供給を止め、絶縁性の高いゴム手袋などを着用して感電 箇所から子どもを遠ざける。 Ｂ 溺水した子どもを発見した場合、呼吸をしていなければ、一次救命処置を行う。 Ｃ 子どもに起こりがちな肘内障は、肘の関節の(cid:20275)が抜けるために起こるもので、手を上にあげると 痛がる。 Ｄ 日本スポーツ協会による「熱中症予防のための運動指針」によれば、暑さ指数が28〜31℃で激 しい運動をするときの必要最小限の休息は、１時間に１回程度である。 （組み合わせ）,1,Ａ Ｂ,Ａ Ｃ,Ａ Ｄ,Ｂ Ｃ,Ｂ Ｄ,,,1,,,,,10044
子どもの保健,R06前,15,問15 次の【事例】を読んで、【設問】に答えなさい。 【事例】 Ｔ保育所に通園しているＳ君（５歳、男児）は、保育室内で遊んでいるうちに「気持ちが悪い」と 言い出し、その場で嘔吐してしまった。嘔吐物は保育室の床だけでなく、Ｓ君の衣服にも付着した。 Ｋ保育士がそのことに気づき、他の保育士と協力・分担して、Ｓ君への対応と嘔吐物処理等を行った。 【設問】 次のうち、Ｓ君への対応および嘔吐物処理を含んだ事後の対応として、「保育所における感染症対 策ガイドライン（2018年改訂版）（2022（令和４）年10月一部改訂）」に照らして、適切なものを ○、不適切なものを×とした場合の正しい組み合わせを一つ選びなさい。 Ａ Ｓ君にうがいができるか確認したところ、できると言ったので、うがいをさせた。 Ｂ 嘔吐した後、脱水症状になることが心配だったので、嘔吐した後なるべく早く経口補水液を 200ml程度飲ませた。 Ｃ Ｓ君が横になりたいと言ったので、嘔吐物が気管に入らないように体を横向きにして寝かせた。 Ｄ 嘔吐物が付着した床は、嘔吐物を取り除いてから、製品濃度６％の次亜塩素酸ナトリウムを 0.02％濃度に希釈して消毒した。 Ｅ 嘔吐物が付着したＳ君の衣服は、嘔吐物をよく落として保育所内で洗濯し、よく乾燥してからＳ 君の保護者に返却した。 （組み合わせ） Ａ Ｂ Ｃ Ｄ Ｅ,2,○ ○ ○ ○ ×,○ × ○ × ×,○ × × × ×,× ○ × ○ ×,× × ○ ○ ○,,,1,,,,,10045
子どもの保健,R06前,16,問16 次の【事例】を読んで、【設問】に答えなさい。 【事例】 Ｗちゃん（生後６か月、女児）は、朝お母さんが保育所に連れて来たときに、珍しくぐずってい た。10時頃、Ｗちゃんがぐずっていて機嫌が悪いので、Ｙ保育士が抱き上げるとかなり体が熱く なっており、熱を測ったところ38.5℃の高熱になっていた。Ｗちゃんは、その後も大量の水様便を 何度もしていた。 【設問】 次のうち、Ｗちゃんのかかっている可能性のある感染症を考慮したうえでの保育所の対応として、 適切な記述の組み合わせを一つ選びなさい。 Ａ できるだけ早く、保護者に迎えに来てもらうよう連絡をした。 Ｂ Ｗちゃんを他児と同室でＹ保育士の目が届きやすい場所で保育した。 Ｃ Ｗちゃんを他児とは別室で保育しながら、保護者が迎えに来るのを待った。 Ｄ おむつ交換は、いつも通り保育している部屋で行った。 Ｅ 高熱でぐずっていて、水分を摂取させようとしたが飲まないので、そのまま様子を見た。 （組み合わせ）,1,Ａ Ｃ,Ａ Ｄ,Ｂ Ｄ,Ｂ Ｅ,Ｃ Ｅ,,,1,,,,,10046
子どもの保健,R06前,17,問17 次のうち、病児保育事業に関する記述として、適切なものを○、不適切なものを×とした場 合の正しい組み合わせを一つ選びなさい。 Ａ 病児保育事業には、法的根拠がある。 Ｂ 制度上、対象は未就学児に限られている。 Ｃ 医師及び看護師の配置が義務づけられている。 Ｄ 体調不良児対応型の病児保育は保育所等で行う。 （組み合わせ） Ａ Ｂ Ｃ Ｄ,3,○ ○ × ×,○ × ○ ×,○ × × ○,× ○ × ○,× × ○ ○,,,1,,,,,10047
子どもの保健,R06前,18,問18 次のうち、「保育所におけるアレルギー対応ガイドライン（2019年改訂版）」（厚生労働省）に おける「エピペン」の使用に関する記述として、適切なものを○、不適切なものを×とした場合 の正しい組み合わせを一つ選びなさい。 Ａ 「エピペン」は、原則、体重15kg未満の子どもには処方されない。 Ｂ 保管する場合は、冷蔵庫で保管する。 Ｃ 「エピペン」を使用した後は、速やかに医療機関を受診する必要がある。 Ｄ 「エピペン」を保育所で預かる場合は、緊急時の対応内容について保護者と協議のうえ、「生活 管理指導表」を作成する。 （組み合わせ） Ａ Ｂ Ｃ Ｄ,2,○ ○ × ×,○ × ○ ×,× ○ ○ ×,× ○ × ○,× × ○ ○,,,1,,,,,10048
子どもの保健,R06前,19,問19 次のうち、「保育所におけるアレルギー対応ガイドライン（2019年改訂版）」（厚生労働省）に おける食物アレルギーに関する記述として、適切なものを○、不適切なものを×とした場合の正し い組み合わせを一つ選びなさい。 Ａ 食物アレルギーとは、特定の食物を摂取した後にアレルギー反応を介して皮膚・呼吸器・消化器 あるいは全身に生じる症状のことをいう。 Ｂ 食物アレルギーのある幼児の割合は、年齢が上がるにつれて上昇する。 Ｃ 最も多い症状は皮膚・粘膜症状である。 Ｄ 治療の基本は薬物療法である。 （組み合わせ） Ａ Ｂ Ｃ Ｄ,2,○ ○ × ×,○ × ○ ×,× ○ ○ ×,× ○ × ○,× × ○ ○,,,1,,,,,10049
子どもの保健,R06前,20,問20 次のうち、３歳の中等症の血友病の子どもを保育所で受け入れるにあたり、適切なものを○、 不適切なものを×とした場合の正しい組み合わせを一つ選びなさい。 Ａ 血友病は遺伝性疾患で父親が保因者であることが多く、保護者の気持ちに寄り添いながら話を聞く。 Ｂ 血友病は小児慢性特定疾病で、医療費助成の対象となっている。 Ｃ 歩いたり走ったりすることで目に見えない足の関節の出血が増えてくるため、運動を伴う活動や 遊びをすべて制限することの理解を保護者に求める。 Ｄ 注射による予防接種は出血の原因になるため禁止されているので、感染症予防が必要となる。 Ｅ 目に見える出血があったときは、圧迫止血、冷却、安静を保って医療機関を受診することを決め ておく。 （組み合わせ） Ａ Ｂ Ｃ Ｄ Ｅ,4,○ ○ × ○ ○,○ × ○ × ○,× ○ × ○ ×,× ○ × × ○,× × ○ ○ ×,,,1,,,,,10050
子ども家庭福祉,R06前,1,問１ 次のうち、「児童福祉法」に関する記述として、適切なものを○、不適切なものを×とした場 合の正しい組み合わせを一つ選びなさい。 Ａ 乳児とは、満１歳に満たない者をいう。 Ｂ 幼児とは、満１歳から、小学校就学の始期に達するまでの者をいう。 Ｃ 少年とは、小学校就学の始期から、満20歳に達するまでの者をいう。 Ｄ 妊産婦とは、妊娠中又は出産後２年以内の女子をいう。 （組み合わせ） Ａ Ｂ Ｃ Ｄ,2,○ ○ × ○,○ ○ × ×,○ × ○ ○,× ○ ○ ×,× × ○ ○,,,1,,,,,10051
子ども家庭福祉,R06前,2,問２ 次のＡ〜Ｅは、児童の権利に関する歴史的事項である。これらを年代の古い順に並べた場合の 正しい組み合わせを一つ選びなさい。 Ａ 児童の権利に関するジュネーブ宣言の採択 Ｂ 国際児童年を宣言 Ｃ 世界人権宣言の採択 Ｄ 児童の権利に関する条約の採択 Ｅ 児童の権利に関する宣言の採択 （組み合わせ）,2,Ａ→Ｂ→Ｃ→Ｅ→Ｄ,Ａ→Ｃ→Ｅ→Ｂ→Ｄ,Ｃ→Ａ→Ｅ→Ｄ→Ｂ,Ｃ→Ｅ→Ｄ→Ａ→Ｂ,Ｅ→Ａ→Ｂ→Ｄ→Ｃ,,,1,,,,,10052
子ども家庭福祉,R06前,3,"問３ 次のうち、放課後児童健全育成事業（放課後児童クラブ）に関する記述として、不適切なもの を一つ選びなさい。 努めなければならない。 族の秘密を漏らしてはならない。 実施状況（令和４年（2022年）５月１日現在）」によると、登録児童数が1392158人となり、過 去最高値となっている。 実施状況（令和４年（2022年）５月１日現在）」によると、当該事業を利用できなかったいわゆる 待機児童数は前年に比べ増加したことが報告されている。",3,放課後児童健全育成事業者は、運営の内容について、自ら評価を行い、その結果を公表するよう,放課後児童健全育成事業者の職員は、正当な理由がなく、その業務上知り得た利用者又はその家,放課後児童健全育成事業に携わる放課後児童支援員は、保育士資格を有していなければならない。,厚生労働省が公表した「令和４年（2022年）放課後児童健全育成事業（放課後児童クラブ）の,厚生労働省が公表した「令和４年（2022年）放課後児童健全育成事業（放課後児童クラブ）の,,,1,,,,,10053
子ども家庭福祉,R06前,4,"問４ 次のうち、人物と関連の深い事項の組み合わせとして、適切なものを一つ選びなさい。 Ａ バーナード（Barnardo T.J.） ――― ハル・ハウス Ｂ 石井十次 ――――――――――― ― 岡山孤児院　Ｃ 留岡幸助 ――――――――――― ― 池上感化院　Ｄ エレン・ケイ（Key E.） ――――― ― 『児童の世紀』 ",4,Ａ Ｂ,Ａ Ｃ,Ｂ Ｃ,Ｂ Ｄ,Ｃ Ｄ,,,1,,,,,10054
子ども家庭福祉,R06前,5,問５ 次の文は、「児童買春、児童ポルノに係る行為等の規制及び処罰並びに児童の保護等に関する 法律」の第１条である。（ Ａ ）〜（ Ｃ ）にあてはまる語句の正しい組み合わせを一つ選び なさい。 この法律は、児童に対する性的（ Ａ ）及び性的虐待が児童の権利を著しく侵害することの重大 性に鑑み、あわせて児童の権利の擁護に関する（ Ｂ ）動向を踏まえ、児童買春、児童ポルノに係 る行為等を規制し、及びこれらの行為等を処罰するとともに、これらの行為等により（ Ｃ ）に有 害な影響を受けた児童の保護のための措置等を定めることにより、児童の権利を擁護することを目的 とする。 （組み合わせ） Ａ Ｂ Ｃ,1,搾取 国際的 心身,強要 教育的 精神,暴力 教育的 発達,暴力 道徳的 心身,搾取 国際的 発達,,,1,,,,,10055
子ども家庭福祉,R06前,6,問６ 次のうち、子ども家庭福祉の専門職についての記述として、適切なものを○、不適切なものを ×とした場合の正しい組み合わせを一つ選びなさい。 Ａ 家庭相談員は、福祉事務所の家庭児童相談室に配置されている。 Ｂ 母子・父子自立支援員は、配偶者のない者で現に児童を扶養しているもの及び寡婦に対して、相 談に応じている。 Ｃ 児童委員は、児童相談所に配置され、子どもの保護や福祉に関する相談に応じている。 Ｄ 児童福祉司は、精神保健福祉士や公認心理師からも任用することができる。 （組み合わせ） Ａ Ｂ Ｃ Ｄ,1,○ ○ × ○,○ × ○ ○,○ × × ○,× ○ ○ ×,× × ○ ○,,,1,,,,,10056
子ども家庭福祉,R06前,7,問７ 次の文は、「児童虐待の防止等に関する法律」第14条の一部である。（ Ａ ）〜（ Ｃ ） にあてはまる語句の正しい組み合わせを一つ選びなさい。 児童の（ Ａ ）を行う者は、児童のしつけに際して、児童の（ Ｂ ）を尊重するとともに、そ の年齢及び発達の程度に配慮しなければならず、かつ、（ Ｃ ）その他の児童の心身の健全な発達 に有害な影響を及ぼす言動をしてはならない。 （組み合わせ） Ａ Ｂ Ｃ,3,親権 権利 体罰,親権 人格 懲戒,親権 人格 体罰,養育 権利 体罰,養育 人格 懲戒,,,1,,,,,10057
子ども家庭福祉,R06前,8,問８ 次のうち、若者のための支援に関する記述として、適切なものを○、不適切なものを×とした 場合の正しい組み合わせを一つ選びなさい。 Ａ 地域若者サポートステーションは、就労に向けた支援を行う機関であるため、18歳未満の児童 は対象外である。 Ｂ 「ヤングケアラー」とは、本来大人が担うと想定されている家事や家族の世話などを日常的に 行っている子どものことをいう。 Ｃ ひきこもり地域支援センターは、ひきこもりに特化した専門的な相談窓口として、都道府県及び 指定都市に設置されている。 Ｄ 社会的養護自立支援事業は、社会的養護の措置解除後、個々の状況に応じて引き続き必要な支援 を提供するものである。 （組み合わせ） Ａ Ｂ Ｃ Ｄ,3,○ ○ × ×,○ × ○ ×,× ○ ○ ○,× ○ ○ ×,× × ○ ○,,,1,,,,,10058
子ども家庭福祉,R06前,9,問９ 次のうち、「児童養護施設入所児童等調査の概要（平成30年２月１日現在）」（厚生労働省）に おける児童福祉施設等に関する記述として、適切なものを○、不適切なものを×とした場合の正し い組み合わせを一つ選びなさい。 Ａ 児童養護施設に入所している児童の入所時の年齢で最も多いのは、６歳である。 Ｂ 入所（措置）児童数が最も多いのは児童養護施設であるが、次に多いのは乳児院である。 Ｃ 被虐待経験がある児童が入所している割合が最も高いのは児童心理治療施設である。 Ｄ 児童養護施設・児童心理治療施設・児童自立支援施設・自立援助ホーム入所児童の、入所時の保 護者の状況が両親又は一人親ありの児童では「実父母有」が最も多いが、乳児院は「実母のみ」が 最も多い。 （組み合わせ） Ａ Ｂ Ｃ Ｄ,5,○ ○ ○ ×,○ ○ × ×,○ × × ×,× × ○ ○,× × ○ ×,,,1,,,,,10059
子ども家庭福祉,R06前,10,問10 次の文は、「児童館ガイドライン」（平成30年10月１日 厚生労働省）の一部である。 （ Ａ ）〜（ Ｃ ）にあてはまる語句の正しい組み合わせを一つ選びなさい。 児童館は、子どもの（ Ａ ）の拠点と居場所となることを通して、その活動の様子から、必要に 応じて家庭や地域の子育て環境の（ Ｂ ）を図ることによって、子どもの安定した日常の生活を支 援することが大切である。 児童館が子どもにとって日常の安定した生活の場になるためには、最初に児童館を訪れた子どもが 「来てよかった」と思え、利用している子どもがそこに自分の求めている場や活動があって、必要な 場合には援助があることを実感できるようになっていることが必要となる。そのため、児童館では、 訪れる子どもの（ Ｃ ）に気付き、子どもと信頼関係を築く必要がある。 （組み合わせ） Ａ Ｂ Ｃ,2,遊び 構築 衣服の汚れなど,遊び 調整 心理と状況,学び 構築 衣服の汚れなど,学び 調整 不審な言動,遊び 構築 心理と状況,イラストあり,,1,,,,,10060
子ども家庭福祉,R06前,11,問11 次のうち、「令和３年度雇用均等基本調査」（2022（令和４）年 厚生労働省）の育児休業に 関する記述として、適切なものを○、不適切なものを×とした場合の正しい組み合わせを一つ選び なさい。 Ａ 2021（令和３）年度の女性の育児休業取得率は、90％を超えている。 Ｂ 2021（令和３）年度の男性の育児休業の取得期間は、「12か月〜18か月未満」が最も多くなっ ている。 Ｃ 2021（令和３）年度の女性の有期契約労働者の育児休業取得率は、50％以下である。 Ｄ 2020（令和２）年４月１日から2021（令和３）年３月31日までの１年間に育児休業を終了し、 復職予定であった女性のうち、実際に復職した者の割合は90％を超えている。 （組み合わせ） Ａ Ｂ Ｃ Ｄ,5,○ ○ × ×,○ × ○ ×,○ × × ○,× ○ × ○,× × × ○,,,1,,,,,10061
子ども家庭福祉,R06前,12,問12 次のうち、「産前・産後サポート事業ガイドライン 産後ケア事業ガイドライン」（令和２年 ８月 厚生労働省）の産後ケア事業に関する記述として、適切なものを○、不適切なものを×とし た場合の正しい組み合わせを一つ選びなさい。 Ａ 実施主体は市町村で、産後ケア事業の趣旨を理解し、適切な実施が期待できる団体等に事業の全 部又は一部を委託することができる。 Ｂ 対象者は、当該自治体に住民票のある産婦に限られる。 Ｃ 実施担当者は、原則医師を中心とした実施体制とする。 Ｄ 事業の種類は、短期入所（ショートステイ）型、通所（デイサービス）型、居宅訪問（アウト リーチ）型である。 （組み合わせ） Ａ Ｂ Ｃ Ｄ,3,○ ○ ○ ×,○ × ○ ×,○ × × ○,× ○ × ○,× × × ○,,,1,,,,,10062
子ども家庭福祉,R06前,13,問13 次のうち、放課後等デイサービス事業に関する記述として、適切なものの組み合わせを一つ 選びなさい。 Ａ 放課後等デイサービス事業は、小学校に就学している児童であって、その保護者が労働等により 昼間家庭にいないものに、授業の終了後に児童厚生施設等の施設を利用して適切な遊び及び生活の 場を与えて、その健全な育成を図る事業である。 Ｂ 放課後等デイサービス事業所数は、2021（令和３）年は、2020（令和２）年から比べて減少して いる。 Ｃ 機能訓練を行う場合には機能訓練担当職員を置かなければならない。 Ｄ 子どもに必要な支援を行う上で、学校との役割分担を明確にし、連携を積極的に図る必要がある。 （組み合わせ）,5,Ａ Ｂ,Ａ Ｃ,Ｂ Ｃ,Ｂ Ｄ,Ｃ Ｄ,イラストあり,,1,,,,,10063
子ども家庭福祉,R06前,14,問14 次の【事例】を読んで、【設問】に答えなさい。 【事例】 Ｔ保育所のＳ保育士は、Ｎ君（５歳、男児）の担当をしている。Ｎ君は父親、兄（９歳、小学４年 生、男児）、父方祖母と４人で暮らしている。父親は夜遅くまで仕事をしており、父方祖母がＮ君と 兄の面倒を見ている。最近、父方祖母が入院してしまい、父と兄がＮ君のＴ保育所への送り迎えをし ている。父が仕事の時は、22時頃まできょうだいだけで留守番をしており、夕飯を食べないで寝て しまうこともあるらしい。Ｓ保育士は、兄が迎えに来た時、Ｎ君が兄の言うことを聞かないため、兄 がＮ君の腕をつねっている場面を目撃した。 【設問】 次のうち、Ｓ保育士の対応として、適切なものの組み合わせを一つ選びなさい。 Ａ 兄にＮ君の腕をつねるのは虐待行為なのでやめるようにきつく注意をする。 Ｂ 兄がＮ君を虐待しているので児童相談所に通告するよう兄の学校に要請する。 Ｃ 送迎時、兄に声をかけ、Ｎ君や家のことで困ったことがないか尋ね、兄の気持ちに寄り添う。 Ｄ Ｎ君と兄の養育状況が心配であると保育所長に相談し、要保護児童対策地域協議会担当者に連絡 する。 Ｅ 父親に兄がＮ君を虐待しているので指導するよう伝える。 （組み合わせ）,4,Ａ Ｂ,Ｂ Ｄ,Ｂ Ｅ,Ｃ Ｄ,Ｃ Ｅ,,,1,,,,,10064
子ども家庭福祉,R06前,15,問15 次の文は、「子ども虐待による死亡事例等の検証結果等について（第18次報告）」（2022（令 和４）年９月 厚生労働省）の2020（令和２）年４月から2021（令和３）年３月までの１年間の 死亡事例についての記述である。適切なものの組み合わせを一つ選びなさい。 Ａ 「心中以外の虐待死」と、「心中による虐待死」を比較すると「心中による虐待死」の方が多い。 Ｂ 「心中以外の虐待死」で、加害者で最も多いのは「実母」である。 Ｃ 「心中以外の虐待死」で、最も多い子どもの年齢は「３歳」である。 Ｄ 「心中による虐待死」における加害の動機（背景）は、「保護者自身の精神疾患、精神不安」が最 も多い。 （組み合わせ）,4,Ａ Ｂ,Ａ Ｃ,Ｂ Ｃ,Ｂ Ｄ,Ｃ Ｄ,,,1,,,,,10065
子ども家庭福祉,R06前,16,"問16 次の図は、令和４年の保育所等の施設・事業数である。（ Ａ ）〜（ Ｃ ）にあてはまる 施設名・事業名の正しい組み合わせを一つ選びなさい。 図 保育所等数 1396 か所 （ Ｃ ） 6475 か所 （ Ｂ ） 23899 か所 保育所 7474 か所 （ Ａ ） 出典：「保育所等関連状況取りまとめ（令和４年４月１日）」（令和４年 厚生労働省） （組み合わせ） Ａ Ｂ Ｃ",1,特定地域型保育事業 幼保連携型認定こども園 幼稚園型認定こども園等,幼稚園型認定こども園等 幼保連携型認定こども園 特定地域型保育事業,特定地域型保育事業 幼稚園型認定こども園等 幼保連携型認定こども園,幼保連携型認定こども園 特定地域型保育事業 幼稚園型認定こども園等,幼保連携型認定こども園 幼稚園型認定こども園等 特定地域型保育事業,イラストあり,,1,,,,,10066
子ども家庭福祉,R06前,17,問17 次のうち、子育て支援に関する記述として、「保育所保育指針」に照らし、適切なものを○、 不適切なものを×とした場合の正しい組み合わせを一つ選びなさい。 Ａ 保育所における保護者に対する子育て支援は、子どもの最善の利益を念頭に置きながら、保育と 密接に関連して展開されるところに特徴があることを理解して行う必要がある。 Ｂ 保護者自身の主体性、自己決定を尊重することが子育て支援の基本となる。 Ｃ 子育て支援に当たり保育士等は、保護者に対する指導的態度が求められる。 Ｄ 保育者と保護者の援助関係は、安心して話をすることができる状態が保障されていること、プラ イバシーの保護や守秘義務が前提となる。 （組み合わせ） Ａ Ｂ Ｃ Ｄ,2,○ ○ ○ ○,○ ○ × ○,○ × ○ ×,× × ○ ○,× × × ○,,,1,,,,,10067
子ども家庭福祉,R06前,18,問18 次の文は、「令和３年度 全国ひとり親世帯等調査結果報告」（2022（令和４）年 厚生労働 省）に示された2021（令和３）年11月１日現在のひとり親世帯の状況についての記述である。適 切なものを○、不適切なものを×とした場合の正しい組み合わせを一つ選びなさい。 Ａ 母子世帯になった理由別の構成割合をみると、離婚などの「生別」が全体の約９割を占めている。 Ｂ 調査時点の父子世帯の父の88.1％が就業しており、このうち「正規の職員・従業員」が48.8％ と最も多く、次いで「パート・アルバイト等」が38.8％となっている。 Ｃ ひとり親世帯になった時の末子の年齢をみると、母子世帯では平均年齢が4.6歳となっている。 一方、父子世帯では平均年齢は7.2歳となっており、母子世帯の方が末子の年齢が低いうちにひと り親世帯になっている。 Ｄ 母子世帯の母自身の2020（令和２）年の平均年間収入は約520万円、母自身の平均年間就労収 入は約500万円となっている。 Ｅ 養育費の取り決めについて、ひとり親世帯になってからの年数が短い方が、「取り決めをしてい る」と回答した世帯の割合が高い傾向となっている。 （組み合わせ） Ａ Ｂ Ｃ Ｄ Ｅ,3,○ ○ ○ ○ ×,○ ○ × ○ ×,○ × ○ × ○,× × ○ × ○,× × × ○ ○,,,1,,,,,10068
子ども家庭福祉,R06前,19,問19 次のうち、養育支援訪問事業の事業内容として、誤ったものを一つ選びなさい。,5,若年の養育者に対する育児相談・支援,児童養護施設等の退所後、アフターケアを必要とする児童の家庭等に対する養育相談・支援,出産後間もない時期の養育者の育児不安の解消や養育技術に関する相談・支援,産褥期の母子に対する育児支援や簡単な家事等の援助,障害児に対する療育・栄養指導,,,1,,,,,10069
子ども家庭福祉,R06前,20,問20 次の【事例】を読んで、【設問】に答えなさい。 【事例】 Ｈ保育所では、週に１回園庭開放と子育て相談を実施している。そこに母親のＭさんとＫ君（２歳、 男児）が何度かやってきて園庭開放を利用している。園庭開放を担当するＮ保育士は、Ｋ君が他の子 どもと関わらずに、園庭の隅で耳を塞いでじっと座っている姿が多いことが気になっていた。 ある日、Ｎ保育士がＭさんに声をかけ、話を始めた。子育てのことに話が及ぶと、１歳６か月児健 診の時に、Ｍさんが保健師にＫ君の発達の遅れについて相談すると、保健師に「様子を見ましょう」 と言われたことを教えてくれた。 【設問】 次のうち、Ｎ保育士の対応として、適切なものを一つ選びなさい。,2,ＭさんにＫ君の発達障害の可能性を伝え、すぐに療育手帳の取得を勧める。,Ｍさんの話を傾聴し、母親のＫ君の発達の遅れに対する不安を受け止める。,他の子どもと遊ぶよう、Ｋ君の手を引っ張って集団の中に連れていく。,「発達に関することは分からない」と言ってＭさんの相談をさえぎる。,「発達の遅れの心配はないですよ」とＭさんを励ます。,,,1,,,,,10070
社会的養護,R06前,1,問１ 次の文は、「児童養護施設運営指針」（平成24年３月 厚生労働省）の一部である。（ Ａ ） 〜（ Ｃ ）にあてはまる語句の正しい組み合わせを一つ選びなさい。 ・ 社会的養護は、その始まりから（ Ａ ）までの継続した支援と、できる限り（ Ｂ ）の養育 者による一貫性のある養育が望まれる。 ・ 児童相談所等の行政機関、各種の施設、里親等の様々な社会的養護の担い手が、それぞれの専門 性を発揮しながら、巧みに（ Ｃ ）し合って、一人一人の子どもの社会的自立や親子の支援を目 指していく社会的養護の（ Ｃ ）アプローチが求められる。 （組み合わせ） Ａ Ｂ Ｃ,2,リービングケア 複数 連携,アフターケア 特定 連携,リービングケア 特定 媒介,アフターケア 複数 媒介,リービングケア 特定 連携,,,1,,,,,10071
社会的養護,R06前,2,問２ 次の文は、「社会的養護関係施設における親子関係再構築支援ガイドライン」（平成26年 厚 生労働省）に示された「親子関係再構築」についての考え方を説明したものである。（ Ａ ）〜 （ Ｃ ）にあてはまる語句の正しい組み合わせを一つ選びなさい。 このガイドラインでは、（ Ａ ）の回復を支えるという視点で親子関係再構築を捉えている。そ のため、その内容は、内的イメージから外的現実まで幅広く、家族形態や問題の程度も様々なものを 含む等、多面的で重層的に考える必要がある。ガイドラインでは、親子関係再構築を「子どもと親が その相互の（ Ｂ ）すること」と定義する。 親子関係再構築支援を家族の状況によって２つに分類すると、分離となった家族に対するものと、 （ Ｃ ）親子に対するものとがある。 （組み合わせ） Ａ Ｂ Ｃ,4,親自身 肯定的なつながりを主体的に回復 代替養育による新たな,親自身 親愛の情を自然発生的に醸成 代替養育による新たな,子ども 肯定的なつながりを主体的に回復 代替養育による新たな,子ども 肯定的なつながりを主体的に回復 ともに暮らす,子ども 親愛の情を自然発生的に醸成 ともに暮らす,,,1,,,,,10072
社会的養護,R06前,3,問３ 次のうち、「新しい社会的養育ビジョン」（平成29年 厚生労働省）に示された内容として、 適切なものを○、不適切なものを×とした場合の正しい組み合わせを一つ選びなさい。 Ａ 社会的養育の対象は全ての子どもであり、家庭で暮らす子どもから代替養育を受けている子ど も、その胎児期から自立までが対象となる。 Ｂ 新たな社会的養育という考え方では、そのすべての局面において、子ども・家族の参加と支援者 との協働を原則とする。 Ｃ 子どもに永続的な家族関係をベースにしたパーマネンシーを保障するために、特別養子縁組や普 通養子縁組は実父母の死亡などの場合に限られる。 Ｄ 施設で培われた豊富な体験による子どもの養育の専門性をもとに、施設が地域支援事業やフォス タリング機関事業等を行う多様化を、乳児院から始め、児童養護施設、児童心理治療施設、児童自 立支援施設でも行う。 （組み合わせ） Ａ Ｂ Ｃ Ｄ,1,○ ○ × ○,○ × ○ ○,○ × ○ ×,× ○ ○ ×,× × × ○,,,1,,,,,10073
社会的養護,R06前,4,問４ 次の文は、「児童養護施設運営ハンドブック」（平成26年３月 厚生労働省）の「地域支援」 の一部である。（ Ａ ）〜（ Ｃ ）にあてはまる語句の正しい組み合わせを一つ選びなさい。 ・ 地域住民に対する相談事業を実施すること等を通じて、具体的な（ Ａ ）の把握を行う。 ・ 施設が有する専門性を活用し、地域の子育ての相談・助言や（ Ｂ ）の子育て事業の協力をする。 ・ 地域の里親支援、子育て支援等に取組など、施設の（ Ｃ ）機能を活用し、地域の拠点となる 取組を行う。 （組み合わせ） Ａ Ｂ Ｃ,1,福祉ニーズ 市町村 ソーシャルワーク,福祉ニーズ 市町村 マネジメント,福祉ニーズ 都道府県 ソーシャルワーク,問題 市町村 マネジメント,問題 都道府県 マネジメント,,,1,,,,,10074
社会的養護,R06前,5,問５ 次のうち、「児童養護施設運営指針」（平成24年３月 厚生労働省）における家族への支援に 関する記述として、適切なものを○、不適切なものを×とした場合の正しい組み合わせを一つ選び なさい。 Ａ 親子が必要な期間を一緒に過ごせるような宿泊設備を施設内に設ける。 Ｂ 子どもと家族の関係づくりの支援として、家族に学校行事等への参加を働きかける。 Ｃ 家族等との交流の乏しい子どもには、週末里親やボランティア家庭等での家庭生活を体験させる など配慮する。 Ｄ 子どもの一時帰宅は、保護者の意向により決定する。 （組み合わせ） Ａ Ｂ Ｃ Ｄ,1,○ ○ ○ ×,○ ○ × ○,○ × × ×,× ○ × ×,× × ○ ○,,,1,,,,,10075
社会的養護,R06前,6,問６ 次のうち、「里親及びファミリーホーム養育指針」（平成24年３月 厚生労働省）で示された 養育・支援に関する記述として、適切なものを○、不適切なものを×とした場合の正しい組み合わ せを一つ選びなさい。 Ａ 里親及びファミリーホームに委託される子どもは、原則として新生児から義務教育終了までの子 どもが対象である。 Ｂ 児童相談所は、子どもが安定した生活を送ることができるよう自立支援計画を作成し、養育者は その自立支援計画に基づき養育を行う。 Ｃ 里親に委託された子どもは、里親の姓を通称として使用することとされている。 Ｄ 里親やファミリーホームは、特定の養育者が子どもと生活基盤を同じ場におき、子どもと生活を 共にする。 （組み合わせ） Ａ Ｂ Ｃ Ｄ,4,○ ○ ○ ×,○ × ○ ○,× ○ ○ ×,× ○ × ○,× × × ○,,,1,,,,,10076
社会的養護,R06前,7,問７ 次のうち、「被措置児童等虐待対応ガイドライン」（令和４年 厚生労働省）に示された虐待防 止のための施設運営に関する記述として、不適切なものを一つ選びなさい。 置児童等に対しては行わない。,3,組織全体が活性化され、風通しのよい組織づくりを進める。,第三者評価の積極的な受審や活用など、外部の目を取り入れる。,施設内で生じた被措置児童等虐待に関する情報提供は、当該施設等で生活を送っている他の被措,自立支援計画の策定や見直しの際には、子どもの意見や意向等を確認し、確実に反映する。,経験の浅い職員等に対し、施設内外からスーパービジョンを受けられるようにする。,,,1,,,,,10077
社会的養護,R06前,8,問８ 次のうち、明治時代以降に、育児救済等を目的として長崎に創設された施設とその創設者の組 み合わせとして、正しいものを一つ選びなさい。 （組み合わせ）,2,博愛社 ― 松方正義,浦上養育院 ― 岩永マキ,家庭学校 ― 石井亮一,日田養育院 ― 小橋勝之助,滝乃川学園 ― 池上雪枝,,,1,,,,,10078
社会的養護,R06前,9,問９ 次の【事例】を読んで、【設問】に答えなさい。 【事例】 児童養護施設のグループホームに勤務する新任のＵ保育士は、主任のＨ児童指導員から、「Ｋ君 （13歳、男児）は職員の気を引いて自分を見てほしいときにわざと嘘をつくことがあるから、あまり 取り合わないように」と助言を受けた。確かにＫ君の話には事実でないことが後からわかったことも あったが、Ｕ保育士はＫ君なりの事情があったのだろうと考えていた。Ｈ児童指導員は、Ｋ君の話に 矛盾があると厳しく問いただしたり、無視することがあった。Ｋ君はＨ児童指導員に叱られるとＵ保 育士に助けを求めてくるので、Ｕ保育士は対応に困ってしまった。 【設問】 次のうち、Ｕ保育士の対応として、適切な記述の組み合わせを一つ選びなさい。 Ａ 職員によって対応が異なるのは周囲の子どもたちにとっても良くないので、Ｕ保育士もＫ君が嘘 をついている時には厳しく問いただし、叱責した。 Ｂ グループホームのホーム会議に心理療法担当職員にも出席してもらい、Ｋ君の言動や成育歴につ いて取り上げ、自立支援計画の見直しを提案した。 Ｃ Ｋ君に対して、「Ｈ児童指導員はＫ君のためを思って言ってくれているのだから、自分の行動を 振り返りなさい」とＨ児童指導員の意図を説明し、反省を促した。 Ｄ Ｋ君と個別に関わる時間を増やし、「Ｋ君の話をちゃんと聞いているから、話したいことがあっ たらいつでも言ってきてね」と繰り返し伝えた。 （組み合わせ）,4,Ａ Ｂ,Ａ Ｄ,Ｂ Ｃ,Ｂ Ｄ,Ｃ Ｄ,イラストあり,,1,,,,,10079
社会的養護,R06前,10,問10 次の文は、「児童養護施設運営指針」（平成24年３月 厚生労働省）に示された「養育のあり 方の基本」の一部である。（ Ａ ）〜（ Ｃ ）にあてはまる語句の正しい組み合わせを一つ選 びなさい。 子どもの養育を担う専門性は、養育の場で（ Ａ ）過程を通して培われ続けなければならない。 経験によって得られた知識と技能は、現実の養育の場面と過程のなかで絶えず見直しを迫られること になるからである。養育には、子どもの生活を（ Ｂ ）にとらえ、日常生活に根ざした（ Ｃ ） な養育のいとなみの質を追求する姿勢が求められる。 （組み合わせ） Ａ Ｂ Ｃ,5,相互的な 部分的 平凡,相互的な 部分的 特別,相互的な トータル 特別,生きた トータル 特別,生きた トータル 平凡,,,1,,,,,10080
社会福祉,R06前,1,問１ 次のうち、「社会福祉法」に関する記述として、適切なものを○、不適切なものを×とした場 合の正しい組み合わせを一つ選びなさい。 Ａ 「社会福祉法」は、社会福祉を目的とする事業の全分野における共通的基本事項、社会福祉事業 の定義や社会福祉に関する具体的な事項等を定めた法律である。 Ｂ 「社会福祉法」第３条では、福祉サービスの基本的理念について定められている。 Ｃ 「社会福祉法」第４条では、福祉サービスを必要とする地域住民のあらゆる分野への社会参加を 推進する旨が定められている。 Ｄ 「社会福祉法」では、福祉サービス提供に関して、情報の提供や福祉サービスの利用の援助、運 営適正化委員会等について定められている。 （組み合わせ） Ａ Ｂ Ｃ Ｄ,1,○ ○ ○ ○,○ × × ○,○ × × ×,× ○ ○ ×,× ○ × ○,,,1,,,,,10081
社会福祉,R06前,2,問２ 次のうち、社会福祉の歴史に関する記述として、不適切なものを一つ選びなさい。 は、日本の社会福祉に関する法制度の発展に寄与した。 な役割を担っていた。 濫救、漏救を防ぎ、効率的に慈善を行う意図があった。 査では、貧困の原因は個人の責任であり、社会の責任ではないことを明らかにした。,5,イギリスでは、1942年に「社会保険と関連サービス」（通称「ベヴァリッジ報告」）が示された。,生存権及び国民生活の社会的進歩向上に努める国の義務について定めた「日本国憲法」第25条,社会福祉は、近代社会の発展の中で成立したが、それ以前の相互扶助や宗教的な慈善事業も重要,イギリスのCOS（慈善組織協会）の創設は、都市に急増した貧困者、浮浪者等に対する慈善の,"ブース（Booth, C.J.）らによる19世紀末から20世紀初頭にかけてのイギリスで行われた貧困調",イラストあり,,1,,,,,10082
社会福祉,R06前,3,問３ 次のうち、「児童福祉法」に関する記述として、適切なものを○、不適切なものを×とした場 合の正しい組み合わせを一つ選びなさい。 Ａ 全て国民は、児童が良好な環境において生まれ、かつ、社会のあらゆる分野において、児童の年 齢及び発達の程度に応じて、その意見が尊重され、その最善の利益が優先して考慮され、心身とも に健やかに育成されるよう努めなければならない。 Ｂ 国及び地方公共団体は、児童が家庭において心身ともに健やかに養育されるよう、児童の保護者 を支援しなければならない。 Ｃ 児童を心身ともに健やかに育成することについての第一義的責任は保護者にあり、国や地方公共 団体は責任を一切負わない。 Ｄ 保育士とは、登録を受け、保育士の名称を用いて、専門的知識及び技術をもって、児童の保育及 び児童の保護者に対する保育に関する指導を行うことを業とする者をいう。 （組み合わせ） Ａ Ｂ Ｃ Ｄ,1,○ ○ × ○,○ × × ○,○ × × ×,× ○ ○ ○,× ○ × ○,,,1,,,,,10083
社会福祉,R06前,4,問４ 次のうち、地域福祉を推進しようとする専門職や団体などが、生活問題を抱えた住民に直面し た場合の対応として、適切なものを○、不適切なものを×とした場合の正しい組み合わせを一つ選 びなさい。 Ａ 町内会や自治会は、地域の支え合いの仕組みをつくって対応した。 Ｂ 民生委員は、援助を必要とする住民に対して福祉サービス等の利用について情報提供や援助など の対応を行った。 Ｃ ボランティア・コーディネーターは、生活問題の解決につながる活動を行っているボランティア を紹介するという対応を行った。 Ｄ 社会福祉専門職は、社会福祉に関する制度改善を求める住民の行動を支えた。 （組み合わせ） Ａ Ｂ Ｃ Ｄ,1,○ ○ ○ ○,○ × ○ ○,× ○ × ○,× ○ × ×,× × × ○,,,1,,,,,10084
社会福祉,R06前,5,問５ 次のうち、「令和４年版 厚生労働白書」による社会福祉制度等に関する記述として、適切な ものを○、不適切なものを×とした場合の正しい組み合わせを一つ選びなさい。 Ａ 社会福祉法人は、社会福祉事業を行うことを目的とする法人として、長年、福祉サービスの供給 確保の中心的な役割を果たしてきた。 Ｂ 生活困窮者自立支援制度は、福祉事務所を設置する地方自治体において、複雑かつ多様な課題を 背景とする生活困窮者に対し、各種支援等を実施するほか、地域のネットワークを構築し、生活困 窮者の早期発見や包括的な支援につなげている。 Ｃ 介護保険制度が定着し、サービス利用者の増加に伴い、介護費用が増大し、介護保険制度開始当 時2000（平成12）年度の介護費用が、2020（令和２）年度には約６倍となった。 Ｄ 成年後見制度は、認知症、知的障害その他の精神上の障害があることにより、財産の管理または 日常生活等に支障がある者を支える重要な手段である。 （組み合わせ） Ａ Ｂ Ｃ Ｄ,2,○ ○ ○ ×,○ ○ × ○,○ × ○ ○,× ○ ○ ×,× × × ○,,,1,,,,,10085
社会福祉,R06前,6,問６ 次のうち、機関とその業務内容として、適切なものを○、不適切なものを×とした場合の正し い組み合わせを一つ選びなさい。 ＜機関＞ ＜業務内容＞ Ａ 市町村の福祉事務所 ―――― 知的障害者援護 Ｂ 児童相談所 ―――――――― 児童福祉施設への入所措置 Ｃ 身体障害者更生相談所 ――― 障害者支援施設への入所措置 Ｄ 精神保健福祉センター ――― 精神保健及び精神障害者の福祉に関する知識の普及 （組み合わせ） Ａ Ｂ Ｃ Ｄ,1,○ ○ × ○,○ ○ × ×,○ × ○ ×,× ○ ○ ○,× × ○ ○,,,1,,,,,10086
社会福祉,R06前,7,問７ 次のうち、社会保険制度に関する記述として、適切なものを○、不適切なものを×とした場合 の正しい組み合わせを一つ選びなさい。 Ａ 国民年金の保険給付には、老齢基礎年金、障害基礎年金、遺族基礎年金等がある。 Ｂ 健康保険の保険給付には、療養の給付、訪問看護療養費、出産育児一時金等がある。 Ｃ 労働者災害補償保険の業務災害に関する保険給付には、療養補償給付、休業補償給付、障害補償 給付等がある。 Ｄ 介護保険の介護給付におけるサービスには、訪問介護、居宅療養管理指導、訪問入浴介護、訪問 リハビリテーション等がある。 （組み合わせ） Ａ Ｂ Ｃ Ｄ,1,○ ○ ○ ○,○ × ○ ×,○ × × ○,× ○ ○ ×,× × × ○,,,1,,,,,10087
社会福祉,R06前,8,問８ 次の文は、日本の高齢化社会対策に関する記述である。Ａ〜Ｄの法律が制定された順に並べた 場合の正しい組み合わせを一つ選びなさい。 Ａ 「老人福祉法」の制定によって、高齢者福祉対策は積極的な進展を果たした。 Ｂ 介護に対する社会的支援、社会保険方式の導入、利用者本位とサービスの総合化等を目的とし て、「介護保険法」が制定された。 Ｃ 「高齢者虐待の防止、高齢者の養護者に対する支援等に関する法律」が制定され、高齢者虐待の 防止等に関する施策が推進されるようになった。 Ｄ 「高齢社会対策基本法」の制定によって、高齢社会対策の基本的枠組みがつくられた。 （組み合わせ）,2,Ａ→Ｃ→Ｄ→Ｂ,Ａ→Ｄ→Ｂ→Ｃ,Ｂ→Ｄ→Ｃ→Ａ,Ｃ→Ａ→Ｄ→Ｂ,Ｄ→Ｂ→Ａ→Ｃ,,,1,,,,,10088
社会福祉,R06前,9,問９ 次のうち、相談援助の展開過程の中の「アセスメント」に関する記述として、不適切なものを 一つ選びなさい。 ,3,アセスメントでは、利用者の状況を包括的に評価するために、利用者の心身の状況、心理・情緒,アセスメントでは、利用者の情報を整理する上で、ジェノグラムやエコマップなどが活用される。,アセスメントは、利用者の抱える問題や課題を分析するため、利用者の持っているストレングス,アセスメントで、利用者の抱える問題が複数ある場合、どれから取り組むのかといった優先順位,アセスメントは、プランニングのための重要な過程であるため、ケースによってはモニタリング,,,1,,,,,10089
社会福祉,R06前,10,"問10 次のうち、相談援助の原理・原則に関する記述として、適切なものを○、不適切なものを× とした場合の正しい組み合わせを一つ選びなさい。 Ａ 人権を尊重し擁護することは、相談援助における重要な原理である。 Ｂ 相談援助は、差別、貧困、抑圧、排除、暴力などのない、自由、平等、共生に基づく社会正義の 実現を目指す。 Ｃ 相談援助は、利用者の多様性を承認し、尊重しなければならない。 Ｄ 相談援助に際しての原則としては、バイステック（Biestek, F.P.）の７つの原則が重要である。 （組み合わせ） Ａ Ｂ Ｃ Ｄ",1,○ ○ ○ ○,○ ○ ○ ×,○ ○ × ○,○ × ○ ○,× ○ ○ ○,,,1,,,,,10090
社会福祉,R06前,11,問11 次のうち、相談援助の展開過程の中の「エバリュエーション」についての説明として、適切 なものを○、不適切なものを×とした場合の正しい組み合わせを一つ選びなさい。 Ａ エバリュエーションとは、事前評価のことをいう。 Ｂ エバリュエーションでまず行うことは、利用者との信頼関係の構築である。 Ｃ エバリュエーションでは、援助・支援のためのプログラムを作成する。 Ｄ エバリュエーションでは、実施した支援が適切であったか、あるいは支援の効果があったかどう かを評価する。 （組み合わせ） Ａ Ｂ Ｃ Ｄ,4,○ × ○ ×,○ × × ×,× ○ × ○,× × × ○,× × × ×,,,1,,,,,10091
社会福祉,R06前,12,問12 次のうち、福祉における相談援助の過程についての記述として、適切なものを○、不適切な ものを×とした場合の正しい組み合わせを一つ選びなさい。 Ａ 相談援助の開始期において、地域社会に潜在している多くのケースを発見するようにアウトリー チを行うことは重要である。 Ｂ アセスメントにおいて、利用者のニーズを評価したり、利用者のストレングスなどを評価したり する。 Ｃ プランニングは、アセスメントに基づき、問題解決に向けての目標を設定し、具体的な支援内容 を計画する。 Ｄ モニタリングは、支援計画実施後の事後評価において不可欠な経過観察である。 （組み合わせ） Ａ Ｂ Ｃ Ｄ,1,○ ○ ○ ○,○ ○ ○ ×,○ × × ×,× ○ ○ ○,× × × ○,,,1,,,,,10092
社会福祉,R06前,13,問13 次のうち、福祉サービス第三者評価に関する記述として、適切なものを○、不適切なものを ×とした場合の正しい組み合わせを一つ選びなさい。 Ａ 保育所は、第三者評価の受審が義務づけられている。 Ｂ 児童養護施設は、第三者評価の受審が義務づけられている。 Ｃ 乳児院は、第三者評価の受審が義務づけられていない。 Ｄ 福祉サービス第三者評価の所轄庁は、法務省である。 （組み合わせ） Ａ Ｂ Ｃ Ｄ,5,○ ○ ○ ○,○ ○ × ×,○ × ○ ×,× ○ ○ ×,× ○ × ×,,,1,,,,,10093
社会福祉,R06前,14,問14 次のうち、成年後見制度に関する記述として、適切なものを○、不適切なものを×とした場 合の正しい組み合わせを一つ選びなさい。 Ａ 成年後見制度は、それまでの「禁治産・準禁治産制度」にかわり、2000（平成12）年４月から 新たに施行されたものである。 Ｂ 成年後見制度の所轄庁は、内閣府である。 Ｃ 成年後見制度を利用する際に申し立てができるのは、本人と配偶者、四親等以内の親族に限られる。 Ｄ 「成年後見人、保佐人、補助人」は、家庭裁判所が選任する。 （組み合わせ） Ａ Ｂ Ｃ Ｄ,2,○ ○ × ×,○ × × ○,× ○ ○ ○,× ○ × ×,× × ○ ○,,,1,,,,,10094
社会福祉,R06前,15,問15 次のうち、福祉サービス利用援助事業（日常生活自立支援事業）に関する記述として、適切 なものを○、不適切なものを×とした場合の正しい組み合わせを一つ選びなさい。 Ａ 実施主体は、市町村社会福祉協議会に限られる。 Ｂ 支援内容に、日常的な金銭管理は含まれない。 Ｃ 原則として、生活保護受給世帯は利用することができない。 Ｄ 利用料は、実施主体により異なる。 （組み合わせ） Ａ Ｂ Ｃ Ｄ,5,○ ○ × ×,○ × ○ ×,× ○ ○ ○,× ○ × ○,× × × ○,,,1,,,,,10095
社会福祉,R06前,16,問16 次のうち、福祉サービスにおける苦情解決に関する記述として、適切なものを○、不適切な ものを×とした場合の正しい組み合わせを一つ選びなさい。 Ａ 「社会福祉法」第82条では、社会福祉事業の経営者に対して、提供する福祉サービスについて、 利用者等からの苦情の適切な解決に努めなければならないと規定されている。 Ｂ 苦情の申し出は、福祉サービス利用者が都道府県や運営適正化委員会に直接行うことはできない。 Ｃ 「保育所保育指針」では、保護者の苦情などに対し、その解決を図るよう努めなければならない とされている。 Ｄ 社会福祉事業者には、苦情解決のための第三者委員の設置が義務づけられている。 （組み合わせ） Ａ Ｂ Ｃ Ｄ,4,○ ○ ○ ○,○ ○ ○ ×,○ ○ × ○,○ × ○ ×,× × × ○,イラストあり,,1,,,,,10096
社会福祉,R06前,17,問17 次のうち、「令和４年版男女共同参画白書」（2022（令和４）年 内閣府）における男女共同 参画の実態に関する記述として、適切なものを○、不適切なものを×とした場合の正しい組み合わ せを一つ選びなさい。 Ａ 雇用者の共働き世帯数は増加傾向にある。一方で、2021（令和３）年における専業主婦世帯は、 妻が64歳以下の世帯では、夫婦のいる世帯全体の23.1％となっている。 Ｂ 近年、男性の育児休業取得率は上昇しているが、2020（令和２）年度における民間企業の男性の 育児休業取得率は５％未満である。 Ｃ 男女間賃金格差の国際比較によると、日本は2020（令和２）年においてフルタイム労働者の男 性の賃金を100とすると女性の賃金は77.5であり、OECD諸国の平均を下回っている。 Ｄ 「男女共同参画社会基本法」第14条では、市町村男女共同参画計画策定の努力義務を定めている が、2021（令和３）年における市区町村全体の策定率は50.0％を下回っている。 （組み合わせ） Ａ Ｂ Ｃ Ｄ,3,○ ○ ○ ×,○ ○ × ×,○ × ○ ×,× ○ × ○,× × ○ ○,,,1,,,,,10097
社会福祉,R06前,18,問18 次のうち、「社会福祉法」に基づく市町村社会福祉協議会の活動や事業に関する記述として、 適切なものの組み合わせを一つ選びなさい。 Ａ 社会福祉に関する活動への住民の参加を援助するために、ボランティアセンターの設置が義務づ けられている。 Ｂ 社会福祉を目的とする事業に調査、普及、宣伝、連絡、調整及び助成を行うこととされている。 Ｃ 市町村社会福祉協議会は、生活困窮者に対する相談援助は行っていない。 Ｄ 社会福祉を目的とする事業の企画や実施を通して地域福祉の推進を図ることとされている。 （組み合わせ）,5,Ａ Ｂ,Ａ Ｃ,Ａ Ｄ,Ｂ Ｃ,Ｂ Ｄ,イラストあり,,1,,,,,10098
社会福祉,R06前,19,問19 次のうち、共同募金に関する記述として、適切なものを○、不適切なものを×とした場合の 正しい組み合わせを一つ選びなさい。 Ａ 共同募金及び共同募金会に関する基本的な事項は、「共同募金法」に規定されている。 Ｂ 毎年12月に実施される「歳末たすけあい運動」は、共同募金の一環として行われている。 Ｃ 共同募金は、地域福祉の推進を図るために行われている。 Ｄ 共同募金による寄附金の公正な配分を行うために、共同募金会に配分委員会が置かれている。 （組み合わせ） Ａ Ｂ Ｃ Ｄ,4,○ ○ ○ ×,○ ○ × ×,○ × × ○,× ○ ○ ○,× × ○ ○,イラストあり,,1,,,,,10099
社会福祉,R06前,20,問20 次の文は、「こども基本法」第３条の一部である。（ Ａ ）〜（ Ｃ ）にあてはまる語句 の正しい組み合わせを一つ選びなさい。 ・ 全てのこどもについて、個人として尊重され、その基本的人権が保障されるとともに、（ Ａ ） 的取扱いを受けることがないようにすること。 ・ 全てのこどもについて、その年齢及び発達の程度に応じて、自己に直接関係する全ての事項に関 して意見を表明する機会及び多様な社会的活動に（ Ｂ ）する機会が確保されること。 ・ 全てのこどもについて、その年齢及び発達の程度に応じて、その（ Ｃ ）が尊重され、その最 善の利益が優先して考慮されること。 （組み合わせ） Ａ Ｂ Ｃ,5,画一 参加 個性,画一 参加 意見,差別 参画 個性,差別 参加 個性,差別 参画 意見,,,1,,,,,10100
保育の心理学,R06前,1,問１ 次の文は、アタッチメントに関する記述である。（ Ａ ）〜（ Ｄ ）にあてはまる語句の 正しい組み合わせを一つ選びなさい。 （ Ａ ）は、乳児が不安や不快を感じるとアタッチメント行動が（ Ｂ ）に生じ、特定の人物 から慰めや世話を受けることで、安心感や安全感が取り戻されると、アタッチメント行動は（ Ｃ ） すると考えた。アタッチメントはこのような（ Ｄ ）を通して機能するものであり、（ Ａ ）は、 特定の人物にくっつくという形で示される、子どもから特定の人物への永続的で強固な絆のことを、 アタッチメントと呼んだ。 （組み合わせ） Ａ Ｂ Ｃ Ｄ,4,"エインズワース（Ainsworth, M.D.S.） 随意的 沈静化 刺激反応システム","エインズワース（Ainsworth, M.D.S.） 自動的 活性化 行動制御システム","ボウルビィ（Bowlby, J.） 随意的 活性化 刺激反応システム","ボウルビィ（Bowlby, J.） 自動的 沈静化 行動制御システム","ボウルビィ（Bowlby, J.） 自動的 活性化 刺激反応システム",,,1,,,,,10101
保育の心理学,R06前,2,問２ 次のうち、音声知覚の発達に関する記述として、適切なものを○、不適切なものを×とした場 合の正しい組み合わせを一つ選びなさい。 Ａ 生後間もない乳児でも、母語とそれ以外の言語を聞き分けられるのは、養育者の話し声から、そ の言語特有のリズムパターンを学習しているからである。 Ｂ 乳児の視覚機能の発達が早いのに比べ、聴覚機能の発達は、生活リズムに適応する過程を経て生 後１年までに徐々に発達していく。 Ｃ 乳児の音の好み（聴覚的選好）を調べた結果、女性の高い音域の声よりも、男性の低い音域の声 によく反応することが分かった。 Ｄ 乳児に、同じ刺激を反復提示すると、慣れてきて注意が低下し反応が減少する。 （組み合わせ） Ａ Ｂ Ｃ Ｄ,3,○ ○ × ×,○ × ○ ○,○ × × ○,× ○ ○ ×,× × × ○,,,1,,,,,10102
保育の心理学,R06前,3,問３ 次のうち、心の理論の発達に関する記述として、適切なものを○、不適切なものを×とした場 合の正しい組み合わせを一つ選びなさい。 Ａ 誤信念課題は、６歳頃から徐々に正答できるようになる。 Ｂ 自閉スペクトラム症の場合、知的な遅れがないのに誤信念課題の成績が低いことがあり、心の理 論の獲得に困難があることが注目された。 Ｃ 生後９か月頃に成立する共同注意は、心の理論の前駆体とみなされている。 Ｄ 心の理論を獲得した子どもは、相手の行動を理解したり予測したりすることが可能になる。 （組み合わせ） Ａ Ｂ Ｃ Ｄ,4,○ ○ ○ ○,○ ○ ○ ×,○ × × ○,× ○ ○ ○,× × ○ ×,,,1,,,,,10103
保育の心理学,R06前,4,"問４ 次の文は、社会情動的発達に関する記述である。Ａ〜Ｄに関連する語句を【語群】から選択し た場合の正しい組み合わせを一つ選びなさい。 Ａ 自分で自分の身体に触れているときは、触れている感覚と触れられている感覚がする。 Ｂ 生後間もない時期から、乳児が他者に示された表情と同じ表情をする。 Ｃ １歳半頃から、子どもが大人と同じようなことをやりたがったり、大人に対してことごとく「イ ヤ」と言って(cid:13428)として譲らなかったりする。 Ｄ 情動は、運動・認知・自己の発達と関連しながら分化していく、という考え方を提唱した。 【語群】 ア ダブルバインド イ ダブルタッチ ウ 共鳴動作 エ トマセロ（Tomasello, M.） オ 延滞模倣 カ 自己中心性 キ 自己主張 ク ルイス（Lewis, M.） （組み合わせ） Ａ Ｂ Ｃ Ｄ",4,ア ウ カ エ,ア オ キ ク,イ ウ カ ク,イ ウ キ ク,イ オ カ エ,,,1,,,,,10104
保育の心理学,R06前,5,問５ 次のうち、乳幼児の運動発達に関する記述として、適切なものを○、不適切なものを×とした 場合の正しい組み合わせを一つ選びなさい。 Ａ 二足歩行ができるようになると、子どもの行動範囲は広がり、両手で物を持って運ぶ、足で蹴る などの操作的技能を獲得するようになる。 Ｂ 乳児の運動機能の発達は、頭部から尾部へ、身体の末梢から中心へ、粗大運動から微細運動へと いう方向性と順序がある。 Ｃ ４〜５歳頃になると、運動パターンの主要な構成要素が身につき、自分の運動をコントロール し、調和のとれたリズミカルな動きができるようになる。 Ｄ 一般に、運動遊びを好み、日常的にいろいろな種類の運動遊びをしている幼児の運動能力の水準 は高い。しかし、幼児期の子どもについては、体力・運動能力テストによる測定は全く不可能である。 （組み合わせ） Ａ Ｂ Ｃ Ｄ,3,○ ○ ○ ×,○ ○ × ○,○ × ○ ×,× ○ × ×,× × ○ ○,,,1,,,,,10105
保育の心理学,R06前,6,"問６ 次の文は、乳幼児期の学びに関する理論の記述である。（ Ａ ）〜（ Ｄ ）にあてはまる 語句を【語群】から選択した場合の正しい組み合わせを一つ選びなさい。 ・ ヴィゴツキー（Vygotsky, L.S.）は、子どもの認知発達には二つの水準が存在するとした。一つ は、他者の援助がなくても独力で遂行できる現在の発達水準である。もう一つは大人や友だちの援 助があればできる水準である。この二つの水準の間を（ Ａ ）と呼んだ。 ・ パブロフ（Pavlov, I.P.）が提唱した、条件反射のメカニズムによって行動の変化を説明する理論 を（ Ｂ ）と呼ぶ。日常的な例として、レモンを見ると唾液が出るといったことが挙げられる。 ・ バンデューラ（Bandura, A.）は、経験をしていなくても他者の行動を観察するだけで学習者の 行動が変化するという（ Ｃ ）を提唱した。 ・ 「学び」については、古くから多くの研究が行われており、「学び」の捉え方（学習観）自体も大 きく転換してきた。現代にいたるまでの間に、学びの中心に教師を置く「教師中心」の行動主義か ら、学びを「知識の構築過程」と捉え、子どもを自らの知識を構築していく能動的な存在と考え、 学びの中心に子どもを置く「子ども中心」の（ Ｄ ）に転換すると考えられている。 【語群】 ア オペラント条件づけ イ 内的作業領域 ウ レスポンデント条件づけ エ 発達の最近接領域 オ モデリング カ 機能主義 キ 認知的徒弟制 ク 構成主義 （組み合わせ） Ａ Ｂ Ｃ Ｄ",5,イ ア オ カ,イ ウ キ ク,エ ア キ カ,エ ア キ ク,エ ウ オ ク,,,1,,,,,10106
保育の心理学,R06前,7,問７ 次の【事例】を読んで、【設問】に答えなさい。 【事例】 ５歳児のＭちゃんとＲちゃんが積み木で遊んでいる。Ｒちゃんは積み木を高く積み、「いち、に、 さん、よん、ご……じゅう」と自分が積んだ積み木を数えていく。そして、Ｍちゃんに「見て、10 個も積めた」と話しかける。 Ｍちゃんは三角の積み木を床に置き、その上に三角の積み木をもう一つ積もうとするが、滑り落ち る。Ｍちゃんは「Ｒちゃん、見て。グラグラしてのらない」と笑いながら言って、Ｒちゃんに見せ る。Ｒちゃんは「四角い積み木を下に置いて、その上に三角の積み木を置くと、グラグラしないよ」 と教える。 その言葉を聞いて、Ｍちゃんは、四角い積み木を持ってくる。そして、四角い積み木の上に三角の 積み木を積む。Ｍちゃんは、再びＲちゃんに「四角い積み木の上に三角の積み木を置いたらお家みた いだね」と言う。今度は、いくつかの四角い積み木の上にそれぞれ三角の積み木を積む。Ｒちゃんは 「街にしよう」と誘い掛け、「Ｍちゃんのお家の右側に道を作って、左側に他のお家を作ろう」とＭ ちゃんに伝える。Ｍちゃんは「いいね。道の横にも、お家を作ろうよ」と言って、二人は積み木遊び を続ける。 【設問】 次のうち、事例の遊びの中でＭちゃんとＲちゃんが学んでいることとして、最も関連性の低い内容 を一つ選びなさい。,3,計数,形の認識,計算,上下という空間に関する感覚,左右という空間に関する感覚,,,1,,,,,10107
保育の心理学,R06前,8,問８ 次のうち、幼児の問題解決に関する記述として、適切なものを○、不適切なものを×とした場 合の正しい組み合わせを一つ選びなさい。 Ａ 幼児は、遊びや生活において様々な問題に直面する。例えば、光る泥団子を作る際に、どうやっ たら壊れない、表面がなめらかな泥団子になるか考え、自分の作りたい泥団子のイメージに近いも のを作っている友だちの作り方を見て参考にしたり、自分で材料を工夫したりして、試行錯誤する。 Ｂ 問題解決とは、問題状況に直面したとき、「こうしたい」という目標をもち、手段や方法を考え て実行し、目標に達しようとすることである。 Ｃ 幼児が問題解決をしようとしているとき、保育士は幼児の気持ちを推測し、常に解決策を提示す るとよい。 Ｄ 遊びにおける問題解決場面は、幼児の思考力が促される機会となり得る。幼児の思考の特徴とし て、物事や人に関して、言語的な情報によってのみ思考が進むことがあげられる。 （組み合わせ） Ａ Ｂ Ｃ Ｄ,3,○ ○ ○ ×,○ ○ × ×,○ × × ○,× ○ × ×,× × ○ ○,,,1,,,,,10108
保育の心理学,R06前,9,"問９ 次のうち、学童期の発達に関する記述として、適切なものを○、不適切なものを×とした場合 の正しい組み合わせを一つ選びなさい。 Ａ 善悪の判断が、行為の意図を重視する判断から、行為の結果を重視する判断へと移行する。 Ｂ ピアグループと呼ばれる小集団を形成する。この集団は、多くの場合、同性、同年齢のメンバー で構成され、強い閉鎖性や排他性をもち、大人からの干渉を極力避けようとする。 Ｃ 保存概念を獲得し、外見的特徴や見かけに左右されずに、物事を論理的に考えて理解することが できるようになっていく。 Ｄ エリクソン（Erikson, E.H.）は、学童期の心理社会的危機を「勤勉性 対 劣等感」としている。 （組み合わせ） Ａ Ｂ Ｃ Ｄ",3,○ ○ ○ ○,○ × × ×,× ○ × ×,× × ○ ○,× × ○ ×,イラストあり,,1,,,,,10109
保育の心理学,R06前,10,"問10 次の文は、青年期に関する記述である。（ Ａ ）〜（ Ｄ ）にあてはまる語句を【語群】 から選択した場合の正しい組み合わせを一つ選びなさい。 青年は、自己探求の過程で「自分」という存在を問い続けることで、アイデンティティを確立して いく。しかし、その過程では自分の存在意義や社会的役割を見失うことも多々ある。これは多くの青 年が（ Ａ ）に経験する自己喪失の状態であり、（ Ｂ ）と呼ばれる。 （ Ｃ ）は、アイデンティティを獲得する過程において、危機と積極的関与に着目し、アイデン ティティ・ステイタスを４つに分類した。このうち、（ Ｄ ）は危機を経験することなく、何かに 積極的関与をしている状態とされる。 【語群】 ア アイデンティティ拡散 イ 早期完了 ウ ホリングワース（Hollingworth, L.S.） エ マーシア（Marcia, J.E.） オ 一時的 カ アイデンティティ達成 キ 永続的 ク モラトリアム （組み合わせ） Ａ Ｂ Ｃ Ｄ",1,オ ア エ イ,オ ア エ ク,オ カ ウ イ,キ ア ウ ク,キ カ エ ク,,,1,,,,,10110
保育の心理学,R06前,11,問11 次のうち、高齢期に関する記述として、適切なものを一つ選びなさい。 ,3,フレイルとは、老化の過程で生じる自立機能や健康を失いやすい状態であるが、要支援や要介護,機能を使わないことによる衰えは身体面だけでみられ、心理面ではみられない。そのため、高齢,"バルテス（Baltes, P.B.）らが提唱した「補償を伴う選択的最適化」とは、身体機能、認知機能、",知能は流動性知能と結晶性知能という二つの主要な一般因子で構成されるというキャノン,コンボイ・モデルでは、同心円の外側ほど身近で頼りにできる重要な他者を、内側ほど社会的な,,,1,,,,,10111
保育の心理学,R06前,12,"問12 次のうち、トマス（Thomas, A.）らの気質に関する記述として、適切なものを○、不適切な ものを×とした場合の正しい組み合わせを一つ選びなさい。 Ａ 乳幼児から青年まで、幅広い年代の気質について横断的に研究したものである。 Ｂ 気質の分類によると、「扱いやすい子（easy child）」は全体の約20％だった。 Ｃ 気質の分類によると、「扱いにくい子（difficult child）」の養育者の養育態度は、他のタイプとは 大きな違いはみられなかった。 Ｄ 気質の種類として９つの特徴カテゴリを抽出し、そのうち５つのカテゴリを評定によって組み合 わせて３つの気質タイプに分類した。 （組み合わせ） Ａ Ｂ Ｃ Ｄ",5,○ ○ × ○,○ × ○ ○,○ × ○ ×,× ○ ○ ×,× × × ○,,,1,,,,,10112
保育の心理学,R06前,13,問13 次のうち、産後うつ病に関する記述として、適切なものを○、不適切なものを×とした場合 の正しい組み合わせを一つ選びなさい。 Ａ 産後うつ病などのメンタルヘルス上の問題を抱えると、母子相互作用が適切に行われないこと で、子どもの発達に影響が及ぶことがある。 Ｂ 産後うつ病は、出産後の女性の自殺の原因や乳児虐待にはつながらない。 Ｃ 産後うつ病は、出産後急激なホルモンの変化によって発症するものであり、１〜２週間程度で自 然に消失するものである。 Ｄ 産後うつ病のスクリーニングに用いられるEPDS（エジンバラ産後うつ病質問票）は、10項目 で構成される自己記入式質問紙である。 （組み合わせ） Ａ Ｂ Ｃ Ｄ,3,○ ○ ○ ×,○ × ○ ○,○ × × ○,× ○ × ×,× × ○ ○,,,1,,,,,10113
保育の心理学,R06前,14,問14 次の下線部（ａ）〜（ｄ）に関連の深い用語を【語群】から選択した場合の正しい組み合わ せを一つ選びなさい。 ソーシャルサポートとは、一般的には対人関係において他者から得られる種々の援助をさす。例え ば（ａ）ストレスを引き起こす出来事や刺激に直面している者に対して、（ｂ）励ましや愛情など感情 への働きかけ、（ｃ）問題解決のための助言などがあり、当事者の精神的・身体的健康に良い影響を与 える効果と、（ｄ）高いストレスに対して、健康度の低下を軽減する効果があるとされている。 【語群】 ア ストレッサー イ 情緒的サポート ウ 評価的サポート エ 促進効果 オ コーピング カ 情報的サポート キ 道具的サポート ク 緩衝効果 （組み合わせ） ａ ｂ ｃ ｄ,1,ア イ カ ク,ア イ キ エ,ア ウ カ エ,オ イ カ エ,オ ウ キ ク,,,1,,,,,10114
保育の心理学,R06前,15,問15 次のうち、家族や家庭に関する記述として、適切なものを○、不適切なものを×とした場合 の正しい組み合わせを一つ選びなさい。 Ａ アロマザリングとは、家庭において、母親が一人で子育てを担うことである。 Ｂ ファミリー・アイデンティティの考え方によれば、誰を「家族」と感じるかは個々人が決めるこ とであり、同一家庭においても、ファミリー・アイデンティティはそれぞれ異なることがある。 Ｃ 家族の誕生から家族がなくなるまでのプロセスをたどる理論では、個人のライフサイクルに発達 段階や発達課題があるように、家族のライフサイクルにも発達段階と発達課題があると考える。 Ｄ ジェノグラムは、当事者と家族と社会資源の関係性を図示するものである。 （組み合わせ） Ａ Ｂ Ｃ Ｄ,4,○ ○ × ×,○ × ○ ○,○ × × ○,× ○ ○ ×,× × ○ ×,イラストあり,,1,,,,,10115
保育の心理学,R06前,16,問16 次のうち、家族心理学と家族システム理論に関する記述として、適切なものを○、不適切な ものを×とした場合の正しい組み合わせを一つ選びなさい。 Ａ 家族心理学では、家族を一つのまとまりをもつシステムとして捉える。 Ｂ 家族システム理論では、家族をサポートする人的資源をサブシステムと捉える。 Ｃ 家族療法では、子どもの問題行動を単に個人の問題だけで捉えるのではなく、家族の関係性をア セスメントし、家族が抱えている問題の解決に介入する。 Ｄ 家族療法では、不適応行動や症状をみせている個人をIP（Identified Patient）と呼ぶ。 （組み合わせ） Ａ Ｂ Ｃ Ｄ,2,○ ○ × ○,○ × ○ ○,○ × ○ ×,× ○ × ×,× × × ○,,,1,,,,,10116
保育の心理学,R06前,17,問17 次の文は、人と環境に関する記述である。これに該当する理論として、最も適切なものを一 つ選びなさい。 情報が環境の中に存在し、人がその情報を環境の中から得て行動していると考える。この理論を踏 まえると、保育環境は、子どもが関わるものというだけにとどまらず、環境が子どもに働きかけてい るといえる。つまり、子どもが環境を捉える時には、行動を促進したり、制御したりするような環境の特徴を、子どもが読み取っているといえる。,5,生態学的システム論,発生的認識論,正統的周辺参加論,社会的学習理論,アフォーダンス理論,,,1,,,,,10117
保育の心理学,R06前,18,問18 次のうち、DSM-5において「神経発達症群／神経発達障害群」に含まれないものを一つ選び なさい。,2,自閉スペクトラム症,選択性緘黙,知的能力障害,チック症群,限局性学習症,,,1,,,,,10118
保育の心理学,R06前,19,"問19 次の文は、子育て家庭に関する記述である。下線部（ａ）〜（ｄ）に関連の深い用語を【語群】 から選択した場合の最も適切な組み合わせを一つ選びなさい。 人の発達は、ある社会・文化・時代においては、（ａ）おおよそ決まった規則的な一生の推移を示すものである。（ｂ）就学や就労、結婚や出産という、個人にとって重要な事柄は、人の社会生活や 発達過程に影響を与える。仕事と結婚・子育ての両立を目指す場合、（ｃ）職業役割と家族役割（配偶者役割、親役割等）を担う。仕事と家庭との関係性において、（ｄ）一方の役割が上手くいけば、 他方の役割が上手くいく場合がある。【語群】 ア ライフストーリー イ ライフステージ ウ 多重役割 エ ワーク・ライフ・バランス オ ライフサイクル カ ライフイベント キ 多重関係 ク ポジティブ・スピルオーバー （組み合わせ） ａ ｂ ｃ ｄ",5,ア イ キ エ,ア カ ウ エ,オ イ ウ ク,オ イ キ エ,オ カ ウ ク,,,1,,,,,10119
保育の心理学,R06前,20,問20 次のうち、巡回相談に関する記述として、適切なものを○、不適切なものを×とした場合の 正しい組み合わせを一つ選びなさい。 Ａ 巡回相談は、アウトリーチ型支援として、保育や教育現場において重要で効果的なものである。 Ｂ コンサルテーションとは、異なる専門性をもつ複数の者が、支援対象である問題状況について検 討し、よりよい支援のあり方について話し合う取り組みである。 Ｃ 支援対象に、直接支援するのはコンサルタントであり、間接支援するのがコンサルティである。 Ｄ 保育における巡回相談では、知識の提供、精神的支え、新しい視点の提示、ネットワーキングの 促進などが行われる。 （組み合わせ） Ａ Ｂ Ｃ Ｄ,2,○ ○ ○ ×,○ ○ × ○,○ × ○ ×,× ○ × ×,× × ○ ○,,,1,,,,,10120
保育原理,R06前,1,問１ 次のうち、「保育所保育指針」に関する記述として、適切なものを○、不適切なものを×とし た場合の正しい組み合わせを一つ選びなさい。 Ａ 「総則」、「保育の内容」、「食育の推進」、「子育て支援」、「職員の資質向上」、の全５章から構成さ れている。 Ｂ 「総則」に記載される「職員の研修等」の内容は、「幼稚園教育要領」及び「幼保連携型認定こど も園教育・保育要領」と共通になっている。 Ｃ 「保育の内容」には、「家庭及び地域社会との連携」に関することが記載されている。 Ｄ 「子育て支援」には、地域の保護者等に対して、保育所保育の専門性を生かした子育て支援を積 極的に行うよう努めることが記載されている。 （組み合わせ） Ａ Ｂ Ｃ Ｄ,5,○ ○ ○ ×,○ × ○ ×,○ × × ×,× ○ × ○,× × ○ ○,,,1,,,,,10121
保育原理,R06前,2,問２ 次の文は、「保育所保育指針」第１章「総則」（２）「保育の目標」の一部である。（ Ａ ）〜 （ Ｅ ）にあてはまる語句を【語群】から選択した場合の正しい組み合わせを一つ選びなさい。 ・ 十分に（ Ａ ）の行き届いた環境の下に、くつろいだ雰囲気の中で子どもの様々な欲求を満た し、生命の保持及び情緒の安定を図ること。 ・ 人との関わりの中で、人に対する愛情と信頼感、そして（ Ｂ ）を大切にする心を育てるとと もに、自主、自立及び協調の態度を養い、道徳性の芽生えを培うこと。 ・ （ Ｃ ）についての興味や関心を育て、それらに対する豊かな心情や思考力の芽生えを培うこと。 ・ （ Ｄ ）の中で、言葉への興味や関心を育て、話したり、聞いたり、相手の話を理解しようと するなど、言葉の豊かさを養うこと。 ・ 様々な体験を通して、豊かな（ Ｅ ）を育み、創造性の芽生えを培うこと。 【語群】 ア 養育 イ 人権 ウ 生命、自然及び社会の事象 エ 生活 オ 感性や表現力 カ 養護 キ 規範 ク 生命、自然など周囲の環境 ケ 対話 コ 思考や判断力 （組み合わせ） Ａ Ｂ Ｃ Ｄ Ｅ,4,ア イ ウ エ オ,ア キ ウ エ コ,ア キ ク ケ コ,カ イ ウ エ オ,カ キ ク ケ コ,イラストあり,,1,,,,,10122
保育原理,R06前,3,問３ 次のうち、「保育所保育指針」に照らし、保育所における３歳以上児の戸外での活動として、 適切な記述を○、不適切な記述を×とした場合の正しい組み合わせを一つ選びなさい。 Ａ 子どもの関心が戸外に向けられるようにし、戸外の空気に触れて活動する中で、その楽しさや気 持ちよさを味わえるようにすることが必要である。 Ｂ 園庭ばかりではなく、近隣の公園や広場などの保育所の外に出かけることも考えながら、子ども が戸外で過ごすことの心地よさや楽しさを十分に味わうことができるようにすることが大切である。 Ｃ 室内での遊びと戸外での遊びは内容や方法も異なるため、室内と戸外の環境を常に分けて考える 必要がある。 Ｄ 園庭は年齢の異なる多くの子どもが活動したり、交流したりする場であるので、園庭の使い方や 遊具の配置の仕方を必要に応じて見直すことが求められる。 （組み合わせ） Ａ Ｂ Ｃ Ｄ,2,○ ○ ○ ×,○ ○ × ○,× ○ ○ ×,× × ○ ○,× × × ○,,,1,,,,,10123
保育原理,R06前,4,問４ 次のうち、「保育所保育指針」第２章「保育の内容」４「保育の実施に関して留意すべき事項」 の一部として、正しいものを○、誤ったものを×とした場合の正しい組み合わせを一つ選びなさい。 Ａ 子どもの心身の発達及び活動の実態などの個人差を踏まえるとともに、一人一人の子どもの気持 ちを受け止め、援助すること。 Ｂ 子どもが自ら周囲に働きかけ、試行錯誤しつつ自分の力で行う活動を見守りながら、適切に援助 すること。 Ｃ 子どもの国籍や文化の違いを認め、互いに尊重する心を育てるようにすること。 Ｄ 子どもの入所時の保育に当たっては、できるだけ個別的に対応し、子どもが安定感を得て、次第 に保育所の生活になじんでいくようにするとともに、既に入所している子どもに不安や動揺を与え ないようにすること。 Ｅ 保育所保育が、小学校以降の生活や学習の基盤の育成につながることに配慮し、保育所において は、小学校のカリキュラムに適応するため、創造的な思考や集団生活の基礎を培うようにすること。 （組み合わせ） Ａ Ｂ Ｃ Ｄ Ｅ,1,○ ○ ○ ○ ×,○ ○ ○ × ×,○ × × ○ ○,× × ○ ○ ○,× × × × ○,,,1,,,,,10124
保育原理,R06前,5,問５ 次の文は、「保育所保育指針」第２章「保育の内容」２「１歳以上３歳未満児の保育に関わる ねらい及び内容」の一部である。（ Ａ ）〜（ Ｃ ）にあてはまる語句の正しい組み合わせを 一つ選びなさい。 （ Ａ ）が形成され、子どもが自分の感情や気持ちに気付くようになる重要な時期であることに 鑑み、（ Ｂ ）の安定を図りながら、子どもの（ Ｃ ）的な活動を尊重するとともに促していく こと。 （組み合わせ） Ａ Ｂ Ｃ,5,自我 精神 自発,人格 精神 協働,人格 情緒 協働,自我 情緒 協働,自我 情緒 自発,イラストあり,,1,,,,,10125
保育原理,R06前,6,問６ 次のうち、子ども・子育て支援新制度（以下、新制度）に関する記述として、適切なものを一 つ選びなさい。 ,5,新制度とは、2015（平成27）年に施行した「児童福祉法」「こども基本法」「子ども・子育て支,新制度の趣旨は、地域が子育てについての第一義的責任を有するという基本的認識の下に、幼児,新制度では、都道府県が、地方版子ども・子育て会議の意見を聴きながら、地域型保育基本計画,新制度では、教育・保育を利用する子どもについて３つの認定区分が設けられた。そのうち１号,新制度では、地域の実情に応じた子ども・子育て支援として、利用者支援、地域子育て支援拠,,,1,,,,,10126
保育原理,R06前,7,問７ 次の保育所の【事例】を読んで、【設問】に答えなさい。 【事例】 ５歳児クラスの子どもたちが水着に着替え、保育士と一緒に園庭に大きなたらいを出して水遊びの 用意を始める。保育士が大きなたらいやバケツにホースで水を入れる。ホースを持つ子どももいる。 水がたまってくると、子どもたちは水鉄砲やマヨネーズなどの空き容器に水を入れる。水鉄砲を上に 向けて水を出して、雨のように水を降らせて、水をかぶったり、友達に「かけて」と伝えて自分のお 腹に水鉄砲の水をあててもらったりする。そのうちに、走って追いかけながら、互いに水鉄砲で水を かける。水が顔にかかるのは嫌だという子どももいて、保育士は友達の顔や頭にかけないようにしよ うと伝える。そこにいる子どもたち全員分の水鉄砲はない。空き容器でも水を飛ばしてみるが、水鉄 砲のようにうまく飛ばすことができない。水鉄砲がない子どもは、たらいのそばで大きな声で「だれ かー、かわってー」と声をかける。まわりの子どもに水鉄砲を渡してもらって、また別の子どもが 「かわって」と声をかけて、水鉄砲を交替して使いながら水かけっこは続く。 【設問】 次のうち、「保育所保育指針」第１章「総則」及び第２章「保育の内容」に照らし、担当保育士の振 り返りとして、適切な記述を○、不適切な記述を×とした場合の正しい組み合わせを一つ選びなさい。 Ａ 水鉄砲の数が少ないために、同じ物を同じように使う経験が十分にできなかった。人数分の水鉄 砲を用意できるまでは、水遊びは控えよう。 Ｂ 水鉄砲を代わってもらうことがスムーズにいくように、保育士が厳密にルールを設定するべき だった。 Ｃ 水鉄砲の数が人数分なかったことで、子ども達同士で互いに代わったり、共有して使いながら遊 ぶことができていた。 Ｄ 自分の気持ちを言葉にして相手に伝えながら、遊ぶことができていた。 Ｅ 顔や頭に水がかかると嫌そうな子どももいたため、友達の顔や頭にはかけないようにしようと伝 えたが、もっと子どもに任せて保育士は一切入るべきではなかった。 （組み合わせ） Ａ Ｂ Ｃ Ｄ Ｅ,4,○ ○ × ○ ○,○ ○ × × ×,× ○ ○ ○ ×,× × ○ ○ ×,× × ○ × ○,,,1,,,,,10127
保育原理,R06前,8,問８ 次のうち、保育所、幼稚園及び認定こども園に関する記述として、適切なものを○、不適切な ものを×とした場合の正しい組み合わせを一つ選びなさい。 Ａ 保育所は「児童福祉法」に基づく児童福祉施設、幼稚園は「学校教育法」に基づく学校、そして 認定こども園は「児童福祉法」及び「学校教育法」に基づく教育施設であり、３歳以上児の教育に 関わる側面のねらい及び内容はそれぞれ大きく異なる。 Ｂ 保育所は、「児童福祉法」第39条に「日々保護者の委託を受けて、保育に欠けるその乳児又は幼 児を保育することを目的とする」と示されている。 Ｃ 保育士となる資格を有する者が保育士となるには、現住所のある市町村にあらかじめ保育士の登 録をしておかなければならない。 Ｄ 「児童福祉施設の設備及び運営に関する基準」（昭和23年厚生省令第63号）では、保育所の保育 士の数は乳児おおむね３人につき１人以上、満１歳以上満３歳未満の幼児おおむね６人につき１人 以上、満３歳以上満４歳未満の幼児おおむね20人につき１人以上、満４歳以上の幼児おおむね30 人につき１人以上とされている。 Ｅ 「児童福祉施設の設備及び運営に関する基準」（昭和23年厚生省令第63号）では、乳児又は満２ 歳未満の幼児を入所させる保育所には、乳児室又はほふく室、医務室、調理室及び便所を設けるこ ととされている。 （組み合わせ） Ａ Ｂ Ｃ Ｄ Ｅ,5,○ × ○ × ○,○ × ○ × ×,× ○ × ○ ○,× × ○ ○ ×,× × × ○ ○,,,1,,,,,10128
保育原理,R06前,9,問９ 次のうち、「保育所保育指針」第５章「職員の資質向上」の一部として、（ａ）〜（ｄ）の下線 部分が正しいものを○、誤ったものを×とした場合の正しい組み合わせを一つ選びなさい。 ・ 保育所においては、当該保育所における保育の課題や各職員の（ａ）キャリアアップも見据え て、初任者から管理職員までの（ｂ）職位や職務内容等を踏まえた体系的な研修計画を作成しなけ ればならない。 ・ 外部研修に参加する職員は、自らの（ｃ）専門性の向上を図るとともに、保育所における保育の 課題を理解し、その解決を実践できる力を身に付けることが重要である。また、研修で得た（ｄ）知識及び判断力を他の職員と共有することにより、保育所全体としての保育実践の質及び専門性の向 上につなげていくことが求められる。 （組み合わせ） ａ ｂ ｃ ｄ,3,○ ○ ○ ×,○ × × ○,× ○ ○ ×,× ○ × ○,× × ○ ×,イラストあり,,1,,,,,10129
保育原理,R06前,10,問10 次の保育所の【事例】を読んで、【設問】に答えなさい。 【事例】 Ｍちゃんは、この４月に１歳児クラスに進級したばかりで、朝の登園時に泣くことが続いている。 今朝も母親に抱っこされて保育室に入ってくるが、Ｍちゃんの表情は硬く、母親にしがみついてい る。保育士がＭちゃんを抱っこすると、母親を求めてのけぞって大声で泣く。母親が保育室から出て いき、泣いているＭちゃんを保育士が抱っこしてあやすが、Ｍちゃんはなかなか泣き止まない。母親 は保育室から出てもＭちゃんの泣く声が聞こえてきて心配なようで、しばらく廊下で立ち止まっている。 【設問】 次のうち、「保育所保育指針」第１章「総則」及び第２章「保育の内容」、第４章「子育て支援」に 照らし、Ｍちゃんの母親への保育士の対応として、適切な記述を○、不適切な記述を×とした場合の 正しい組み合わせを一つ選びなさい。 Ａ Ｍちゃんが泣かずに登園できるよう、家庭でよくいい聞かせるように伝える。 Ｂ Ｍちゃんを受け入れた後、Ｍちゃんがどう泣き止んだか、落ち着いてから保育士や友達と１日を どう過ごしているのか、具体的な姿を伝える。 Ｃ 今は母親との別れに大泣きしてしまう状況であるが、今後のＭちゃんの育ちの見通しを伝える。 Ｄ 泣いている子どもと別れる母親の気持ちを受けとめ、共感する言葉をかける。 （組み合わせ） Ａ Ｂ Ｃ Ｄ,3,○ ○ ○ ×,○ × ○ ○,× ○ ○ ○,× ○ × ○,× × ○ ○,,,1,,,,,10130
保育原理,R06前,11,"問11 次のうち、世界における保育の歴史に関する記述として、適切なものを○、不適切なものを ×とした場合の正しい組み合わせを一つ選びなさい。 Ａ ルソー（Rousseau, J.-J.）は、フランスの啓蒙思想家であり、近代教育思想の古典とされる『エ ミール』を著した。 Ｂ ペスタロッチ（Pestalozzi, J.H.）はスイスの教育思想家であり、幼児教育における家庭の役割、 特に母親の役割を重視した。その実践は教育界に多大な影響を与えた。 Ｃ フレーベル（Fröbel, F.W.）は、ドイツの作曲家であり、民俗音楽をもとにした音楽教育をする ことで子どもの人間形成を図った。 （組み合わせ） Ａ Ｂ Ｃ",1,○ ○ ×,○ × ○,× ○ ○,× ○ ×,× × ○,イラストあり,,1,,,,,10131
保育原理,R06前,12,問12 次のうち、日本における保育の歴史に関する記述として、適切なものを○、不適切なものを ×とした場合の正しい組み合わせを一つ選びなさい。 Ａ 1876（明治９）年、幼稚園が創設されると同時に保姆資格が法律で規定された。 Ｂ 1890（明治23）年に赤沢鍾美が創設した新潟静修学校では、子守をしながら通う生徒のために 次第に乳幼児を別室で預かるようになり、これがのちの保育事業へと発展した。 Ｃ 1900（明治33）年、経済的に恵まれない家庭の子どもたちのために野口幽香と森島峰の二人が 二葉幼稚園を創設した。 Ｄ 1947（昭和22）年、幼児教育への期待が高まり、幼稚園に関する最初の独立した法律である 「幼稚園令」が制定された。 （組み合わせ） Ａ Ｂ Ｃ Ｄ,3,○ ○ × ×,○ × × ○,× ○ ○ ×,× × ○ ×,× × × ○,,,1,,,,,10132
保育原理,R06前,13,問13 次のうち、「保育所保育指針」第１章「総則」（２）「幼児期の終わりまでに育ってほしい姿」 に関する記述として、適切なものを一つ選びなさい。 ,3,2008（平成20）年の「保育所保育指針」の改定において具体的な10項目が定められ、2017（平,小学校入学前までに身につけるべき資質・能力について記されている。,この育ってほしい姿は、到達すべき目標として定められているわけではない。,年齢、発達段階ごとにおおむねの到達の目安が示されている。,育ってほしい姿の一つとして示されている「やり遂げる心」とは、困難な課題を主体的に解決し,,,1,,,,,10133
保育原理,R06前,14,問14 次のうち、「保育所保育指針」に照らし、保育の計画に関する記述として、適切なものを○、 不適切なものを×とした場合の正しい組み合わせを一つ選びなさい。 Ａ 保育所の全体的な計画は、長期・短期の指導計画や保健計画・食育計画といった計画に基づいて 作成されるべきものである。 Ｂ 全体的な計画は、子どもや家庭の状況、地域の実態、保育時間などを考慮し、子どもの育ちに関 する長期的見通しをもって作成される必要がある。 Ｃ 異年齢で構成される組やグループでの保育においては、一人一人の子どもの生活に配慮できない 状況が多くみられるため、集団で一律に食事や午睡ができるよう指導計画を作成する必要がある。 Ｄ ３歳未満児については、一人一人の子どもの生育歴、心身の発達、活動の実態等に即して、個別 的な計画を作成することが求められる。 （組み合わせ） Ａ Ｂ Ｃ Ｄ,3,○ ○ ○ ×,○ ○ × ×,× ○ × ○,× × ○ ○,× × × ○,,,1,,,,,10134
保育原理,R06前,15,問15 次の文は、「保育所保育指針」第２章「保育の内容」１「乳児保育に関わるねらい及び内容」 の一部である。（ Ａ ）〜（ Ｅ ）にあてはまる語句の正しい組み合わせを一つ選びなさい。 乳児期の発達については、視覚、（ Ａ ）などの感覚や、座る、（ Ｂ ）、歩くなどの運動機能 が著しく発達し、（ Ｃ ）との（ Ｄ ）な関わりを通じて、情緒的な（ Ｅ ）が形成されると いった特徴がある。これらの発達の特徴を踏まえて、乳児保育は、愛情豊かに、（ Ｄ ）に行われ ることが特に必要である。 （組み合わせ） Ａ Ｂ Ｃ Ｄ Ｅ,2,聴覚 はう 担当保育士 応答的 信頼関係,聴覚 はう 特定の大人 応答的 絆,聴覚 立つ 担当保育士 積極的 絆,触覚 はう 担当保育士 積極的 信頼関係,触覚 立つ 特定の大人 応答的 絆,,,1,,,,,10135
保育原理,R06前,16,問16 次の文は、「保育所保育指針」第２章「保育の内容」４「保育の実施に関して留意すべき事項」 （２）「小学校との連携」の一部である。（ Ａ ）〜（ Ｄ ）にあてはまる語句を【語群】から 選択した場合の正しい組み合わせを一つ選びなさい。 保育所保育において育まれた（ Ａ ）を踏まえ、（ Ｂ ）が円滑に行われるよう、小学校教師 との意見交換や合同の（ Ｃ ）の機会などを設け、（中略）「幼児期の終わりまでに育って欲しい姿」 を共有するなど連携を図り、保育所保育と（ Ｂ ）との円滑な（ Ｄ ）を図るよう努めること。 【語群】 ア 生きる力 イ 研修 ウ 小学校教育 エ 繋がり オ 研究 カ 資質・能力 キ 接続 ク 義務教育 （組み合わせ） Ａ Ｂ Ｃ Ｄ,4,ア ウ イ エ,ア ウ オ キ,ア ク イ エ,カ ウ オ キ,カ ク オ キ,イラストあり,,1,,,,,10136
保育原理,R06前,17,問17 次のうち、発達障害に関する記述として、正しいものを一つ選びなさい。 ,2,「発達障害者支援法」において、発達障害とは、「知的障害、アスペルガー症候群、学習障害、注,「発達障害者支援法」では、「市町村は、発達障害児が早期の発達支援を受けることができるよ,発達障害は一つの個性として捉えることができ、保育所等での配慮は特に必要としない。,発達障害の子どもがパニックを起こしたら、大勢で協力して止めにいくのがよい。,発達障害の子どもには、学習障害と注意欠陥多動性障害とが重複している例は存在しない。,,,1,,,,,10137
保育原理,R06前,18,問18 次のうち、障害児保育に関する記述として、「保育所保育指針」第１章「総則」３「保育の計 画及び評価」（２）「指導計画の作成」に照らし、適切なものを○、不適切なものを×とした場合の 正しい組み合わせを一つ選びなさい。 Ａ 保育所では、障害など特別な配慮を必要とする子どもの保育を指導計画に位置付けることが求め られている。 Ｂ 障害のある子どもとの関わりにおいては、個に応じた関わりと集団の中の一員としての関わりの 両面を大事にしながら、職員相互の連携の下、組織的かつ計画的に保育を展開する。 Ｃ 保育所では、障害のある子どもを含め、全ての子どもが自己を十分に発揮できるよう見通しを もって保育することが必要であるため、クラス等の指導計画と切り離して、個別の指導計画を作成 する必要がある。 Ｄ 障害など特別な配慮を必要とする子どもは、他の子どもに比べて発達や成長に時間を要すること が多いため、個別の指導計画を作成する際には、長期間の計画を作成することが重要であり、短期 間の計画を作成する必要はない。 Ｅ 障害や発達上の課題のある子どもが、他の子どもと共に成功する体験を重ね、子ども同士が落ち 着いた雰囲気の中で育ち合えるようにするための工夫が必要である。 （組み合わせ） Ａ Ｂ Ｃ Ｄ Ｅ,2,○ ○ ○ × ×,○ ○ × × ○,○ × ○ ○ ×,× ○ ○ × ○,× × × ○ ○,,,1,,,,,10138
保育原理,R06前,19,問19 次のうち、「保育所保育指針」第４章「子育て支援」（３）「不適切な養育等が疑われる家庭へ の支援」に関する記述として、適切なものの組み合わせを一つ選びなさい。 Ａ 保護者に育児不安等が見られる場合には、保護者の希望に応じて個別の支援を行うよう努める。 Ｂ 保護者に不適切な養育等が疑われる場合には、市町村や関係機関と連携し、要保護児童対策地域 協議会で検討するなど適切な対応を図る。 Ｃ 虐待が疑われる場合には、速やかに警察に相談し、適切な対応を図る。 Ｄ 虐待に対しては秘密保持の観点からできるだけ少人数の保育士が関わり、虐待に関する事実関係 の記録も最小限にとどめる。 （組み合わせ）,1,Ａ Ｂ,Ａ Ｃ,Ａ Ｄ,Ｂ Ｃ,Ｃ Ｄ,イラストあり,,1,,,,,10139
保育原理,R06前,20,"[図を挿入] 問20 次の表は、令和４年４月の年齢区分別の保育所等利用児童数および待機児童数を示したもの である。この表を説明した記述として、誤ったものを一つ選びなさい。ただし、ここでいう「保育 所等」は、従来の保育所に加え、平成27年４月に施行した子ども・子育て支援新制度において新 たに位置づけられた幼保連携型認定こども園等の特定教育・保育施設と特定地域型保育事業（うち ２号・３号認定）を含むものとする。 表 年齢区分別の利用児童数・待機児童数 利用児童数 待機児童数 ３歳未満児（０〜２歳） 1,100,925人 （40.3％） 2,576人 （87.5％） うち０歳児 144,835人 （5.3％） 304人 （10.3％） うち１・２歳児 956,090人 （35.0％） 2,272人 （77.2％） ３歳以上児 1,628,974人 （59.7％） 368人 （12.5％） 全年齢児計 2,729,899人（100.0％） 2,944人（100.0％） 出典：厚生労働省「保育所等関連状況取りまとめ（令和４年４月１日）」（令和４年８月30日発表） ている。",3,利用児童数は、３歳未満児（０〜２歳）よりも３歳以上児の方が多い。,待機児童数は、１・２歳児が最も多い。,"待機児童数は、3,000人を下回っているが、そのうち３歳未満児（０〜２歳）が９割以上を占め",利用児童数の割合は、３歳未満児（０〜２歳）が４割を超えている。,待機児童数は、３歳以上児が３歳未満児（０〜２歳）よりも少ない。,,,1,,,,,10140
保育実習理論,R06前,1,[著作権の関係により公表不可] 問１ 次の曲の伴奏部分として、Ａ〜Ｄにあてはまるものの正しい組み合わせを一つ選びなさい。 （組み合わせ） Ａ Ｂ Ｃ Ｄ,3,ア ウ イ エ,イ ア ウ エ,イ ウ エ ア,ウ ア エ イ,ウ エ イ ア,,,1,,,,,10141
保育原理,R06前,2,"問２ 次のＡ〜Ｄの音楽用語の意味を【語群】から選択した場合の正しい組み合わせを一つ選びなさい。 Ａ dim. Ｂ andante Ｃ D.S. Ｄ rit. 【語群】 ア コーダにとぶ イ やさしく ウ 少し弱く エ だんだん遅く オ ゆっくり歩くような速さで カ だんだん弱く キ セーニョに戻る ク 強く ケ 音を短く切って コ 中ぐらいの速さで （組み合わせ） Ａ Ｂ Ｃ Ｄ",4,エ オ ア ケ,エ コ キ ウ,カ イ ア エ,カ オ キ エ,コ イ ク オ,,,1,,,,,10142
保育実習理論,R06前,3,[図を挿入] 問３ 次の楽譜から長三和音（メジャーコード）を抽出した正しい組み合わせを一つ選びなさい。 ア イ ウ エ オ カ （組み合わせ）,4,ア イ エ,ア ウ カ,イ エ オ,イ エ カ,ウ オ カ,,,1,,,,,10143
保育原理,R06前,4,[著作権の関係により公表不可] 問４ 次の曲を４歳児クラスで歌ってみたところ、最高音が歌いにくそうであった。そこで短３度下 げて歌うことにした。その場合、下記のコードはどのように変えたらよいか。正しい組み合わせを 一つ選びなさい。 （組み合わせ） ♭ F Am B ６ ♭ ♭ ♭ ♭ ♯,4,E Gm A６,E Gm A ６,D Fm G ６,D F m G６,C Em F６,,,1,,,,,10144
保育実習理論,R06前,5,[著作権の関係により公表不可] 問５ 次のリズムは、ある曲の歌い始めの部分である。それは次のうちのどれか、一つ選びなさい。,3,春の小川（文部省唱歌、作詞：高野辰之 作曲：岡野貞一）,かたつむり（文部省唱歌）,春がきた（文部省唱歌、作詞：高野辰之 作曲：岡野貞一）,虫のこえ（文部省唱歌）,茶つみ（文部省唱歌）,,,1,,,,,10145
保育原理,R06前,6,問６ 次のうち、不適切なものを一つ選びなさい。,5,『赤い鳥』は、大正時代に鈴木三重吉が創刊した雑誌である。,マザーグースとは、イギリスの伝承童謡である。,大太鼓や小太鼓は、膜鳴楽器である。,"「むすんでひらいて」の旋律を作曲したのは、ルソー（Rousseau, J.-J.）である。",移調とは、曲の途中で、調が変化することである。,,,1,,,,,10146
保育実習理論,R06前,7,問７ 次の文は、「保育所保育指針」第２章「保育の内容」３「３歳以上児の保育に関するねらい及 び内容」オ「表現」の一部である。（ Ａ ）〜（ Ｃ ）にあてはまる語句の正しい組み合わせ を一つ選びなさい。 豊かな感性は、身近な（ Ａ ）と十分に関わる中で美しいもの、優れたもの、心を動かす出来事 などに出会い、そこから得た（ Ｂ ）を他の子どもや保育士等と共有し、様々に表現することなど を通して養われるようにすること。その際、（ Ｃ ）の音や雨の音、身近にある草や花の形や色な ど自然の中にある音、形、色などに気付くようにすること。 （組み合わせ） Ａ Ｂ Ｃ,4,自然 感動 風,自然 情報 虫,環境 知識 波,環境 感動 風,自然 知識 虫,,,1,,,,,10147
保育原理,R06前,8,問８ 次のうち、幼児期の描画表現の発達に関する記述として、適切な記述を○、不適切な記述を× とした場合の正しい組み合わせを一つ選びなさい。 Ａ 描画表現において見られる地面のような線（基底線表現）は、空間認識の表れや描かれているも のの位置関係の表現と考えることができる。 Ｂ 人物表現の初期に見られる、頭から手足が出ているような表現は、一般的に「頭足人」とよばれる。 Ｃ 描画表現の発達段階については、発達の指標と考え、年齢段階に達するための技術指導を行う。 Ｄ 描画表現の発達は、文化的な影響が強いため、海外の幼児の描画発達との共通性は見られない。 （組み合わせ） Ａ Ｂ Ｃ Ｄ,2,○ ○ ○ ×,○ ○ × ×,○ × × ○,× ○ ○ ○,× ○ × ○,,,1,,,,,10148
保育実習理論,R06前,9,問９ 次の【事例】を読んで、【設問】に答えなさい。 【事例】 子どもたちが透明な容器に水を入れ、絵の具をつけた筆を入れて色水を作って遊んでいます。その 様子を見ながら、新任のＰ保育士（以下、Ｐ）と主任のＱ保育士（以下、Ｑ）が話し合っています。 Ｐ：Ｍさんは、黄色のついた筆と、同じ量の（ Ａ ）色のついた筆を水の入った容器に入れて、よ くかき混ぜました。すると、きれいな橙色になりました。 Ｑ：きれいな橙色になったのは、（ Ｂ ）色同士を混ぜたからですね。 Ｐ：Ｎさんは、（ Ｃ ）色のついた筆と、同じ量の黄色のついた筆を水の入った容器に入れて、よ くかき混ぜたのですが、できた色は黒ずみました。 Ｑ：黒ずんだのは、（ Ｄ ）関係に近い色を混ぜたからですね。混ぜ合わせる色同士を、色相環の 中にイメージすると、どんな色が生まれるかが分かるようになりますね。 【設問】 （ Ａ ）〜（ Ｄ ）にあてはまる語句の正しい組み合わせを一つ選びなさい。 （組み合わせ） Ａ Ｂ Ｃ Ｄ,1,赤 類似 紫 補色,紫 反対 緑 補色,赤 類似 緑 補色,紫 反対 緑 対比,赤 類似 紫 対比,,,1,,,,,10149
保育原理,R06前,10,問10 次のうち、でんぷん糊の説明として、適切な記述を○、不適切な記述を×とした場合の正し い組み合わせを一つ選びなさい。 Ａ 主に、紙同士を接着する時に使われる。 Ｂ 天然の凝固物であるカゼインでできている。 Ｃ 古来より、穀物などを用いて作られてきた。 Ｄ 水と混ぜると硬化し固着する。 （組み合わせ） Ａ Ｂ Ｃ Ｄ,3,○ ○ ○ ×,○ ○ × ×,○ × ○ ×,× ○ ○ ○,× × × ○,,,1,,,,,10150
保育実習理論,R06前,11,問11 次の【事例】を読んで、【設問】に答えなさい。 【事例】 ３歳児クラス担当のＫ保育士（以下、Ｋ）とＹ保育士（以下、Ｙ）は、明日の保育についての打ち 合わせをしています。 Ｋ：この前、ボードに絵を付着させて演じる（ Ａ ）を子どもたちと一緒に楽しみましたが、明日 は保育者のコスチュームが舞台となる（ Ｂ ）を使ってお話をしたいと思います。 Ｙ：そうですね。フェルトで作った人形を使うので、演じた後に実際に触れることができるのがいい ですね。（ Ｃ ）を使った人形の出し入れを、子どもたちもやってみたいと思うかもしれませ んね。 Ｋ：子どもたちと演じる遊びを楽しむために、その他にも動かせる人形である（ Ｄ ）をいろいろ な素材で作ってみたいと思います。 【設問】 （ Ａ ）〜（ Ｄ ）にあてはまる語句の正しい組み合わせを一つ選びなさい。 （組み合わせ） Ａ Ｂ Ｃ Ｄ,3,ペープサート パネルシアター ステープラー パレット,ペープサート パネルシアター ポケット パレット,パネルシアター エプロンシアター ポケット パペット,パネルシアター エプロンシアター ステープラー パペット,ペープサート パネルシアター ポケット ペレット,,,1,,,,,10151
保育原理,R06前,12,[図を挿入] 問12 切り紙遊びで図１のように紙を折って、図２の実線にはさみで切り込みを入れたのち、開く とできる模様として、図３の１〜５のうち、正しいものを一つ選びなさい。（紙などを実際に折っ たり切ったりしないで考えること。） 図１ 谷折り 谷折り 図２ 切り取り 図３,2,２ ３ ４ ５,,,,,イラストあり,,1,,,,,10152
保育実習理論,R06前,13,問13 次の【事例】を読んで、【設問】に答えなさい。 【事例】 Ｐ保育所の施設長は、今年度の研修について検討している。現在、Ｐ保育所には、食育に関心があ ると日頃から話しているＫ保育士、保護者対応に困難を感じているＬ保育士、ダウン症の子どもを担 当しているＭ保育士などが在籍している。 【設問】 次のうち、研修の取り組みとして、適切なものを○、不適切なものを×とした場合の正しい組み合 わせを一つ選びなさい。 Ａ 昨年度、食育の園外研修に参加したＫ保育士を食育の推進リーダーに任命し、園内研修で他の保 育士に対して情報提供を行う機会を設ける。 Ｂ 保護者対応について園内研修としてカンファレンスを行うことにしたが、Ｌ保育士には守秘義務 があるため自身が抱える事例に関しては触れないように伝える。 Ｃ 自治体が主催する知的障害・発達障害に関する今年度の研修会への参加募集の案内が届いたた め、Ｍ保育士にのみ、その情報を伝える。 （組み合わせ） Ａ Ｂ Ｃ,3,○ ○ ○,○ ○ ×,○ × ×,× ○ ○,× × ○,,,1,,,,,10153
保育原理,R06前,14,問14 次の【事例】を読んで、【設問】に答えなさい。 【事例】 保育所に勤務して２年目になるＳ保育士は、５歳児クラスの担当をしている。昼食の前にクラスで 絵本の読み聞かせをしている時に、Ｔ君は興味が続かず、一人で廊下に飛び出してしまい、Ｓ保育士 が何度声を掛けても、保育室に戻らないことがたびたびあった。 【設問】 次のうち、絵本の読み聞かせの際のＳ保育士の対応として、適切なものを○、不適切なものを×と した場合の正しい組み合わせを一つ選びなさい。 Ａ Ｔ君が絵本に集中できるように、掲示物がないシンプルな壁などを背景にして、読み聞かせを行う。 Ｂ Ｔ君の様子を見守りつつすぐに声を掛けられるように、Ｓ保育士の近くにＴ君が座れるよう配慮 する。 Ｃ 飛び出しそうになったら、Ｔ君をすぐに厳しく注意する。 Ｄ 読み聞かせをしている時には、Ｓ保育士はその場を離れられないので、月齢が高く、クラスの リーダー的役割を担っている子どもに、毎回Ｔ君を追いかけてもらうように頼む。 （組み合わせ） Ａ Ｂ Ｃ Ｄ,1,○ ○ × ×,○ × ○ ×,○ × × ○,× ○ × ×,× × ○ ○,,,1,,,,,10154
保育実習理論,R06前,15,問15 次のうち、「保育所保育指針」第２章「保育の内容」２「１歳以上３歳未満児の保育に関わる ねらい及び内容」エ「言葉」の内容に照らし、適切なものを○、不適切なものを×とした場合の正 しい組み合わせを一つ選びなさい。 Ａ 子どもは、応答的な大人との関わりによって、自ら相手に呼びかけたり、承諾や拒否を表す片言 や一語文を話したり、言葉で言い表せないことは指差しや身振りなどで示したりして、親しい大人 に自分の欲求や気持ちを伝えようとする。 Ｂ 子どもは、保育所での集団生活を送る中で、様々な生活に必要な言葉に出会う。例えば「マン マ」や「ネンネ」など、生活習慣や慣れ親しんだ活動内容を表す言葉がある。一方、「散歩」「着替 える」などのように、毎日の同じ生活場面で繰り返し耳にすることで、次第に気付くようになる言 葉もある。 Ｃ 子どもは、家庭や地域の生活の中で、文字などの記号の果たす役割とその意味を理解するように なると、自分でも文字などの記号を使いたいと思うようになる。また、保育所の生活においては、 複数のクラスや保育士等、さらには、多くの友達などがいるために、その所属や名前の文字を読ん だり、理解したりすることが必要になる。 Ｄ 「当番の仕事」という言葉を耳にしても初めは何をどうすることなのか理解できない子どもも、 保育士等や友達と一緒に行動することを通して、次第にその言葉を理解し、戸惑わずに行動できる ようになっていく。 （組み合わせ） Ａ Ｂ Ｃ Ｄ,2,○ ○ ○ ×,○ ○ × ×,○ × ○ ×,× ○ ○ ○,× × × ○,,,1,,,,,10155
保育原理,R06前,16,問16 次の【事例】を読んで、【設問】に答えなさい。 【事例】 Ｍ保育所は、この地域で唯一休日保育を実施している認可保育所である。現在、Ｍ保育所の所長 は、災害発生時等の保育所の安全対策や対応についての確認を行っているところである。 【設問】 次のうち、安全対策の取り組みとして、適切なものを○、不適切なものを×とした場合の正しい組 み合わせを一つ選びなさい。 Ａ 園庭にある遊具は、毎年専門の業者に点検に来てもらっているため、保育士は点検しない。 Ｂ 毎年運動会で使用する入退場門が園舎の横に置かれていたが、子どもが避難する際の避難経路の 幅が確保できないため、撤去することとした。 Ｃ 休日保育は、通常保育とは勤務する保育士の人数が異なるため、休日保育を想定した避難訓練を 計画する必要はない。 （組み合わせ） Ａ Ｂ Ｃ,4,○ ○ ×,○ × ×,× ○ ○,× ○ ×,× × ○,,,1,,,,,10156
保育実習理論,R06前,17,問17 次のうち、保育所で保育実習を行っている実習生Ｊさんの行動や態度として、適切なものを ○、不適切なものを×とした場合の正しい組み合わせを一つ選びなさい。 Ａ 実習日誌の園児の個人の記録は詳細に書かなければならないため、子どもの氏名や家族構成、連 絡先なども必ず書く。 Ｂ 保育者同士の連携が必要なので、帰り道にカフェなどを利用して、同じ期間に実習しているＫさ んと実習日誌を見せ合い、担当している子どもや家族についての情報交換を行う。 Ｃ 実習日誌に書いたことが正しいかわからないときは、ＳＮＳに実習先の保育所の情報や日誌の具 体的な内容を書き込みし、色々な人から意見をもらって指摘してもらう。 Ｄ 実習先の子どもを街中で見かけた時には、積極的に声をかけ、その子どもの保育所での様子など を保護者に伝え、子どもへの接し方を改善するよう指導する。 （組み合わせ） Ａ Ｂ Ｃ Ｄ,5,○ ○ × ×,○ × ○ ○,○ × × ○,× ○ ○ ×,× × × ×,,,1,,,,,10157
保育原理,R06前,18,問18 次のうち、保育場面で紙芝居を演じる際の留意点等として、適切な記述を○、不適切な記述 を×とした場合の正しい組み合わせを一つ選びなさい。 Ａ 場面に応じて、ぬき方のタイミングを工夫する。 Ｂ 声の大きさ、強弱、トーンなどの演出はしない。 Ｃ 演じ手は子どもの反応を受け止めずに進める。 Ｄ 舞台や幕を使うことが効果的である。 （組み合わせ） Ａ Ｂ Ｃ Ｄ,3,○ ○ ○ ○,○ ○ × ×,○ × × ○,× × ○ ○,× × × ×,,,1,,,,,10158
保育実習理論,R06前,19,問19 次の【事例】を読んで、【設問】に答えなさい。 【事例】 Ｓちゃん（７歳、女児）は、児童養護施設で生活している。実習生のＭさんが実習を始めた当初 は、声をかけると穏やかに応答していたが、しばらく経つと「早く来てよ」「これ終わるまで一緒に いてくれないとダメ」などと強い命令口調で言うようになった。ＭさんがＳちゃんの要求に応えない と「なんでよ！もうここに来ないで！」などと怒鳴る一方で、翌日には抱っこをせがむこともある。 ある日、Ｓちゃんがぬいぐるみを投げたことを注意したところ、Ｓちゃんは「お姉さん嫌い！お姉さん もどうせ私のこと嫌いなんでしょ！」と言って泣き出し、近くにあった他のぬいぐるみも投げ続けた。 【設問】 次のうち、実習生ＭさんがとるべきＳちゃんへの対応として、適切なものを○、不適切なものを× とした場合の正しい組み合わせを一つ選びなさい。 Ａ 「あなたがぬいぐるみを投げたことが悪いんでしょう」と伝える。 Ｂ 「Ｓちゃんが良い子にしていれば、みんなあなたのことを好きになるんだよ」と伝える。 Ｃ Ｓちゃんが落ち着くまでしばらく見守りながら一緒にいる。 Ｄ Ｓちゃんの言動について、その日の実習終了時に実習指導者に相談する。 （組み合わせ） Ａ Ｂ Ｃ Ｄ,4,○ ○ ○ ×,○ × ○ ×,× ○ × ○,× × ○ ○,× × × ×,,,1,,,,,10159
保育原理,R06前,20,問20 次の【事例】を読んで、【設問】に答えなさい。 【事例】 児童養護施設のグループホームで実習をしているＧさんは、Ｕさん（高校２年生、女児）から次の ような相談を受けた。Ｕさんが、担当のＰ保育士に「高校卒業後に進学したい」と相談したところ、 Ｐ保育士からは「親族の経済的な支援が期待できない中、学費について苦労をするから就職する方向 で検討した方が良いと思うよ」と言われたため、「どうしたら良いかわからない」とのことだった。 なお、実習開始時からＧさんは、Ｑ実習指導者に指導を受けている。 【設問】 次のうち、ＧさんのＵさんへの対応として、適切な記述を○、不適切な記述を×とした場合の正し い組み合わせを一つ選びなさい。 Ａ Ｐ保育士はＵさんのことを思い助言しているのだから、就職するよう伝える。 Ｂ 相談内容について、Ｑ実習指導者に伝えても良いかＵさんに確認する。 Ｃ Ｕさんの気持ちを理解しようと努める。 Ｄ 「親族も支援してくれないのはひどいよね」と話す。 （組み合わせ） Ａ Ｂ Ｃ Ｄ,4,○ ○ ○ ×,○ ○ × ×,○ × × ○,× ○ ○ ×,× × ○ ○,,,1,,,,,10160
